Entity,Code,Year,Civil liberties score
Abkhazia,OWID_ABK,2005,21
Afghanistan,AFG,2005,19
Albania,ALB,2005,38
Algeria,DZA,2005,25
Andorra,AND,2005,57
Angola,AGO,2005,21
Antigua and Barbuda,ATG,2005,47
Argentina,ARG,2005,50
Armenia,ARM,2005,28
Australia,AUS,2005,57
Austria,AUT,2005,58
Azerbaijan,AZE,2005,23
Bahamas,BHS,2005,58
Bahrain,BHR,2005,22
Bangladesh,BGD,2005,31
Barbados,BRB,2005,59
Belarus,BLR,2005,10
Belgium,BEL,2005,58
Belize,BLZ,2005,52
Benin,BEN,2005,48
Bhutan,BTN,2005,20
Bolivia,BOL,2005,43
Bosnia and Herzegovina,BIH,2005,39
Botswana,BWA,2005,47
Brazil,BRA,2005,45
Brunei,BRN,2005,23
Bulgaria,BGR,2005,51
Burkina Faso,BFA,2005,36
Burundi,BDI,2005,24
Cambodia,KHM,2005,24
Cameroon,CMR,2005,16
Canada,CAN,2005,59
Cape Verde,CPV,2005,53
Central African Republic,CAF,2005,27
Chad,TCD,2005,18
Chechnya,0,2005,5
Chile,CHL,2005,57
China,CHN,2005,15
Colombia,COL,2005,36
Comoros,COM,2005,30
Congo,COG,2005,25
Costa Rica,CRI,2005,54
Cote d'Ivoire,CIV,2005,15
Croatia,HRV,2005,49
Cuba,CUB,2005,7
Cyprus,CYP,2005,57
Czechia,CZE,2005,55
Democratic Republic of Congo,COD,2005,12
Denmark,DNK,2005,58
Djibouti,DJI,2005,23
Dominica,DMA,2005,54
Dominican Republic,DOM,2005,46
East Timor,TLS,2005,38
Ecuador,ECU,2005,41
Egypt,EGY,2005,22
El Salvador,SLV,2005,43
Equatorial Guinea,GNQ,2005,9
Eritrea,ERI,2005,11
Estonia,EST,2005,56
Eswatini,SWZ,2005,20
Ethiopia,ETH,2005,21
Fiji,FJI,2005,42
Finland,FIN,2005,60
France,FRA,2005,55
Gabon,GAB,2005,30
Gambia,GMB,2005,32
Georgia,GEO,2005,37
Germany,DEU,2005,58
Ghana,GHA,2005,47
Greece,GRC,2005,51
Grenada,GRD,2005,50
Guatemala,GTM,2005,33
Guinea,GIN,2005,23
Guinea-Bissau,GNB,2005,34
Guyana,GUY,2005,41
Haiti,HTI,2005,16
Honduras,HND,2005,40
Hong Kong,HKG,2005,51
Hungary,HUN,2005,56
Iceland,ISL,2005,60
India,IND,2005,42
Indian Kashmir,0,2005,25
Indonesia,IDN,2005,35
Iran,IRN,2005,15
Iraq,IRQ,2005,19
Ireland,IRL,2005,58
Israel,ISR,2005,46
Israeli Occupied Territories,0,2005,18
Italy,ITA,2005,53
Jamaica,JAM,2005,43
Japan,JPN,2005,51
Jordan,JOR,2005,27
Kazakhstan,KAZ,2005,22
Kenya,KEN,2005,40
Kiribati,KIR,2005,55
Kosovo,OWID_KOS,2005,19
Kuwait,KWT,2005,25
Kyrgyzstan,KGZ,2005,31
Laos,LAO,2005,12
Latvia,LVA,2005,53
Lebanon,LBN,2005,30
Lesotho,LSO,2005,43
Liberia,LBR,2005,33
Libya,LBY,2005,6
Liechtenstein,LIE,2005,59
Lithuania,LTU,2005,54
Luxembourg,LUX,2005,60
Madagascar,MDG,2005,36
Malawi,MWI,2005,34
Malaysia,MYS,2005,31
Maldives,MDV,2005,22
Mali,MLI,2005,44
Malta,MLT,2005,59
Marshall Islands,MHL,2005,55
Mauritania,MRT,2005,27
Mauritius,MUS,2005,53
Mexico,MEX,2005,45
Micronesia (country),FSM,2005,56
Moldova,MDA,2005,33
Monaco,MCO,2005,56
Mongolia,MNG,2005,49
Montenegro,MNE,2005,47
Morocco,MAR,2005,26
Mozambique,MOZ,2005,31
Myanmar,MMR,2005,6
Nagorno-Karabakh,OWID_NAG,2005,21
Namibia,NAM,2005,46
Nauru,NRU,2005,55
Nepal,NPL,2005,19
Netherlands,NLD,2005,59
New Zealand,NZL,2005,57
Nicaragua,NIC,2005,38
Niger,NER,2005,35
Nigeria,NGA,2005,28
North Korea,PRK,2005,0
North Macedonia,MKD,2005,36
Northern Cyprus,OWID_CYN,2005,46
Norway,NOR,2005,60
Oman,OMN,2005,18
Pakistan,PAK,2005,24
Pakistani Kashmir,0,2005,20
Palau,PLW,2005,55
Palestinian Authority Administered Territories,0,2005,17
Panama,PAN,2005,47
Papua New Guinea,PNG,2005,38
Paraguay,PRY,2005,38
Peru,PER,2005,42
Philippines,PHL,2005,43
Poland,POL,2005,54
Portugal,PRT,2005,57
Puerto Rico,PRI,2005,55
Qatar,QAT,2005,18
Romania,ROU,2005,45
Russia,RUS,2005,24
Rwanda,RWA,2005,21
Saint Kitts and Nevis,KNA,2005,53
Saint Lucia,LCA,2005,53
Saint Vincent and the Grenadines,VCT,2005,53
Samoa,WSM,2005,49
San Marino,SMR,2005,60
Sao Tome and Principe,STP,2005,47
Saudi Arabia,SAU,2005,8
Senegal,SEN,2005,43
Serbia,SRB,2005,47
Serbia and Montenegro,OWID_SRM,2005,47
Seychelles,SYC,2005,42
Sierra Leone,SLE,2005,37
Singapore,SGP,2005,33
Slovakia,SVK,2005,54
Slovenia,SVN,2005,54
Solomon Islands,SLB,2005,42
Somalia,SOM,2005,7
South Africa,ZAF,2005,52
South Korea,KOR,2005,49
Spain,ESP,2005,57
Sri Lanka,LKA,2005,35
Sudan,SDN,2005,6
Suriname,SUR,2005,45
Sweden,SWE,2005,60
Switzerland,CHE,2005,59
Syria,SYR,2005,7
Taiwan,TWN,2005,55
Tajikistan,TJK,2005,21
Tanzania,TZA,2005,36
Thailand,THA,2005,38
Tibet,0,2005,5
Togo,TGO,2005,18
Tonga,TON,2005,42
Transnistria,OWID_TRS,2005,15
Trinidad and Tobago,TTO,2005,46
Tunisia,TUN,2005,18
Turkey,TUR,2005,37
Turkmenistan,TKM,2005,1
Tuvalu,TUV,2005,57
Uganda,UGA,2005,31
Ukraine,UKR,2005,45
United Arab Emirates,ARE,2005,15
United Kingdom,GBR,2005,57
United States,USA,2005,56
Uruguay,URY,2005,58
Uzbekistan,UZB,2005,3
Vanuatu,VUT,2005,48
Venezuela,VEN,2005,31
Vietnam,VNM,2005,17
Western Sahara,ESH,2005,10
Yemen,YEM,2005,18
Zambia,ZMB,2005,34
Zimbabwe,ZWE,2005,10
Abkhazia,OWID_ABK,2006,21
Afghanistan,AFG,2006,18
Albania,ALB,2006,38
Algeria,DZA,2006,25
Andorra,AND,2006,57
Angola,AGO,2006,21
Antigua and Barbuda,ATG,2006,47
Argentina,ARG,2006,48
Armenia,ARM,2006,28
Australia,AUS,2006,57
Austria,AUT,2006,58
Azerbaijan,AZE,2006,22
Bahamas,BHS,2006,58
Bahrain,BHR,2006,20
Bangladesh,BGD,2006,31
Barbados,BRB,2006,59
Belarus,BLR,2006,10
Belgium,BEL,2006,58
Belize,BLZ,2006,51
Benin,BEN,2006,49
Bhutan,BTN,2006,21
Bolivia,BOL,2006,43
Bosnia and Herzegovina,BIH,2006,39
Botswana,BWA,2006,47
Brazil,BRA,2006,45
Brunei,BRN,2006,23
Bulgaria,BGR,2006,49
Burkina Faso,BFA,2006,37
Burundi,BDI,2006,23
Cambodia,KHM,2006,24
Cameroon,CMR,2006,16
Canada,CAN,2006,59
Cape Verde,CPV,2006,53
Central African Republic,CAF,2006,26
Chad,TCD,2006,16
Chechnya,0,2006,6
Chile,CHL,2006,58
China,CHN,2006,15
Colombia,COL,2006,36
Comoros,COM,2006,30
Congo,COG,2006,24
Costa Rica,CRI,2006,53
Cote d'Ivoire,CIV,2006,16
Croatia,HRV,2006,50
Cuba,CUB,2006,6
Cyprus,CYP,2006,57
Czechia,CZE,2006,57
Democratic Republic of Congo,COD,2006,12
Denmark,DNK,2006,58
Djibouti,DJI,2006,23
Dominica,DMA,2006,54
Dominican Republic,DOM,2006,47
East Timor,TLS,2006,33
Ecuador,ECU,2006,41
Egypt,EGY,2006,20
El Salvador,SLV,2006,41
Equatorial Guinea,GNQ,2006,9
Eritrea,ERI,2006,10
Estonia,EST,2006,56
Eswatini,SWZ,2006,20
Ethiopia,ETH,2006,20
Fiji,FJI,2006,31
Finland,FIN,2006,60
France,FRA,2006,56
Gabon,GAB,2006,27
Gambia,GMB,2006,31
Georgia,GEO,2006,37
Germany,DEU,2006,57
Ghana,GHA,2006,47
Greece,GRC,2006,52
Grenada,GRD,2006,49
Guatemala,GTM,2006,33
Guinea,GIN,2006,23
Guinea-Bissau,GNB,2006,33
Guyana,GUY,2006,42
Haiti,HTI,2006,22
Honduras,HND,2006,37
Hong Kong,HKG,2006,51
Hungary,HUN,2006,55
Iceland,ISL,2006,60
India,IND,2006,42
Indian Kashmir,0,2006,25
Indonesia,IDN,2006,35
Iran,IRN,2006,13
Iraq,IRQ,2006,11
Ireland,IRL,2006,58
Israel,ISR,2006,47
Israeli Occupied Territories,0,2006,17
Italy,ITA,2006,54
Jamaica,JAM,2006,43
Japan,JPN,2006,51
Jordan,JOR,2006,28
Kazakhstan,KAZ,2006,22
Kenya,KEN,2006,39
Kiribati,KIR,2006,55
Kosovo,OWID_KOS,2006,18
Kuwait,KWT,2006,27
Kyrgyzstan,KGZ,2006,30
Laos,LAO,2006,12
Latvia,LVA,2006,53
Lebanon,LBN,2006,34
Lesotho,LSO,2006,43
Liberia,LBR,2006,33
Libya,LBY,2006,7
Liechtenstein,LIE,2006,60
Lithuania,LTU,2006,54
Luxembourg,LUX,2006,60
Madagascar,MDG,2006,36
Malawi,MWI,2006,35
Malaysia,MYS,2006,29
Maldives,MDV,2006,23
Mali,MLI,2006,44
Malta,MLT,2006,59
Marshall Islands,MHL,2006,55
Mauritania,MRT,2006,29
Mauritius,MUS,2006,52
Mexico,MEX,2006,43
Micronesia (country),FSM,2006,56
Moldova,MDA,2006,33
Monaco,MCO,2006,56
Mongolia,MNG,2006,49
Montenegro,MNE,2006,41
Morocco,MAR,2006,28
Mozambique,MOZ,2006,33
Myanmar,MMR,2006,6
Nagorno-Karabakh,OWID_NAG,2006,21
Namibia,NAM,2006,46
Nauru,NRU,2006,55
Nepal,NPL,2006,28
Netherlands,NLD,2006,59
New Zealand,NZL,2006,57
Nicaragua,NIC,2006,39
Niger,NER,2006,35
Nigeria,NGA,2006,30
North Korea,PRK,2006,1
North Macedonia,MKD,2006,36
Northern Cyprus,OWID_CYN,2006,46
Norway,NOR,2006,60
Oman,OMN,2006,18
Pakistan,PAK,2006,24
Pakistani Kashmir,0,2006,20
Palau,PLW,2006,55
Palestinian Authority Administered Territories,0,2006,16
Panama,PAN,2006,47
Papua New Guinea,PNG,2006,36
Paraguay,PRY,2006,37
Peru,PER,2006,41
Philippines,PHL,2006,41
Poland,POL,2006,53
Portugal,PRT,2006,57
Puerto Rico,PRI,2006,55
Qatar,QAT,2006,18
Romania,ROU,2006,49
Russia,RUS,2006,23
Rwanda,RWA,2006,23
Saint Kitts and Nevis,KNA,2006,53
Saint Lucia,LCA,2006,53
Saint Vincent and the Grenadines,VCT,2006,53
Samoa,WSM,2006,49
San Marino,SMR,2006,60
Sao Tome and Principe,STP,2006,47
Saudi Arabia,SAU,2006,9
Senegal,SEN,2006,43
Serbia,SRB,2006,47
Seychelles,SYC,2006,41
Sierra Leone,SLE,2006,37
Singapore,SGP,2006,32
Slovakia,SVK,2006,54
Slovenia,SVN,2006,53
Solomon Islands,SLB,2006,42
Somalia,SOM,2006,3
South Africa,ZAF,2006,51
South Korea,KOR,2006,51
Spain,ESP,2006,57
Sri Lanka,LKA,2006,33
Sudan,SDN,2006,7
Suriname,SUR,2006,45
Sweden,SWE,2006,60
Switzerland,CHE,2006,59
Syria,SYR,2006,8
Taiwan,TWN,2006,55
Tajikistan,TJK,2006,20
Tanzania,TZA,2006,36
Thailand,THA,2006,32
Tibet,0,2006,5
Togo,TGO,2006,21
Tonga,TON,2006,40
Transnistria,OWID_TRS,2006,15
Trinidad and Tobago,TTO,2006,49
Tunisia,TUN,2006,18
Turkey,TUR,2006,37
Turkmenistan,TKM,2006,1
Tuvalu,TUV,2006,57
Uganda,UGA,2006,31
Ukraine,UKR,2006,45
United Arab Emirates,ARE,2006,17
United Kingdom,GBR,2006,58
United States,USA,2006,55
Uruguay,URY,2006,58
Uzbekistan,UZB,2006,3
Vanuatu,VUT,2006,48
Venezuela,VEN,2006,31
Vietnam,VNM,2006,19
Western Sahara,ESH,2006,10
Yemen,YEM,2006,19
Zambia,ZMB,2006,34
Zimbabwe,ZWE,2006,9
Abkhazia,OWID_ABK,2007,21
Afghanistan,AFG,2007,17
Albania,ALB,2007,39
Algeria,DZA,2007,25
Andorra,AND,2007,57
Angola,AGO,2007,21
Antigua and Barbuda,ATG,2007,47
Argentina,ARG,2007,48
Armenia,ARM,2007,28
Australia,AUS,2007,57
Austria,AUT,2007,58
Azerbaijan,AZE,2007,21
Bahamas,BHS,2007,58
Bahrain,BHR,2007,22
Bangladesh,BGD,2007,28
Barbados,BRB,2007,59
Belarus,BLR,2007,10
Belgium,BEL,2007,58
Belize,BLZ,2007,51
Benin,BEN,2007,49
Bhutan,BTN,2007,23
Bolivia,BOL,2007,41
Bosnia and Herzegovina,BIH,2007,39
Botswana,BWA,2007,48
Brazil,BRA,2007,45
Brunei,BRN,2007,23
Bulgaria,BGR,2007,49
Burkina Faso,BFA,2007,36
Burundi,BDI,2007,23
Cambodia,KHM,2007,24
Cameroon,CMR,2007,16
Canada,CAN,2007,59
Cape Verde,CPV,2007,53
Central African Republic,CAF,2007,23
Chad,TCD,2007,15
Chechnya,0,2007,7
Chile,CHL,2007,58
China,CHN,2007,16
Colombia,COL,2007,35
Comoros,COM,2007,30
Congo,COG,2007,24
Costa Rica,CRI,2007,53
Cote d'Ivoire,CIV,2007,19
Croatia,HRV,2007,50
Cuba,CUB,2007,6
Cyprus,CYP,2007,57
Czechia,CZE,2007,57
Democratic Republic of Congo,COD,2007,12
Denmark,DNK,2007,58
Djibouti,DJI,2007,22
Dominica,DMA,2007,58
Dominican Republic,DOM,2007,47
East Timor,TLS,2007,34
Ecuador,ECU,2007,42
Egypt,EGY,2007,18
El Salvador,SLV,2007,40
Equatorial Guinea,GNQ,2007,9
Eritrea,ERI,2007,10
Estonia,EST,2007,56
Eswatini,SWZ,2007,20
Ethiopia,ETH,2007,20
Fiji,FJI,2007,32
Finland,FIN,2007,60
France,FRA,2007,55
Gabon,GAB,2007,27
Gambia,GMB,2007,31
Georgia,GEO,2007,34
Germany,DEU,2007,57
Ghana,GHA,2007,47
Greece,GRC,2007,52
Grenada,GRD,2007,51
Guatemala,GTM,2007,33
Guinea,GIN,2007,23
Guinea-Bissau,GNB,2007,30
Guyana,GUY,2007,42
Haiti,HTI,2007,25
Honduras,HND,2007,36
Hong Kong,HKG,2007,51
Hungary,HUN,2007,55
Iceland,ISL,2007,60
India,IND,2007,42
Indian Kashmir,0,2007,26
Indonesia,IDN,2007,37
Iran,IRN,2007,14
Iraq,IRQ,2007,12
Ireland,IRL,2007,58
Israel,ISR,2007,47
Israeli Occupied Territories,0,2007,16
Italy,ITA,2007,54
Jamaica,JAM,2007,43
Japan,JPN,2007,51
Jordan,JOR,2007,28
Kazakhstan,KAZ,2007,22
Kenya,KEN,2007,38
Kiribati,KIR,2007,55
Kosovo,OWID_KOS,2007,23
Kuwait,KWT,2007,27
Kyrgyzstan,KGZ,2007,29
Laos,LAO,2007,12
Latvia,LVA,2007,53
Lebanon,LBN,2007,34
Lesotho,LSO,2007,41
Liberia,LBR,2007,34
Libya,LBY,2007,7
Liechtenstein,LIE,2007,60
Lithuania,LTU,2007,54
Luxembourg,LUX,2007,60
Madagascar,MDG,2007,36
Malawi,MWI,2007,34
Malaysia,MYS,2007,27
Maldives,MDV,2007,25
Mali,MLI,2007,42
Malta,MLT,2007,58
Marshall Islands,MHL,2007,55
Mauritania,MRT,2007,30
Mauritius,MUS,2007,52
Mexico,MEX,2007,41
Micronesia (country),FSM,2007,56
Moldova,MDA,2007,33
Monaco,MCO,2007,56
Mongolia,MNG,2007,49
Montenegro,MNE,2007,41
Morocco,MAR,2007,28
Mozambique,MOZ,2007,35
Myanmar,MMR,2007,5
Nagorno-Karabakh,OWID_NAG,2007,20
Namibia,NAM,2007,46
Nauru,NRU,2007,55
Nepal,NPL,2007,29
Netherlands,NLD,2007,59
New Zealand,NZL,2007,57
Nicaragua,NIC,2007,37
Niger,NER,2007,32
Nigeria,NGA,2007,31
North Korea,PRK,2007,2
North Macedonia,MKD,2007,36
Northern Cyprus,OWID_CYN,2007,46
Norway,NOR,2007,60
Oman,OMN,2007,18
Pakistan,PAK,2007,18
Pakistani Kashmir,0,2007,20
Palau,PLW,2007,55
Palestinian Authority Administered Territories,0,2007,14
Panama,PAN,2007,47
Papua New Guinea,PNG,2007,36
Paraguay,PRY,2007,36
Peru,PER,2007,41
Philippines,PHL,2007,38
Poland,POL,2007,55
Portugal,PRT,2007,58
Puerto Rico,PRI,2007,55
Qatar,QAT,2007,18
Romania,ROU,2007,49
Russia,RUS,2007,23
Rwanda,RWA,2007,23
Saint Kitts and Nevis,KNA,2007,53
Saint Lucia,LCA,2007,53
Saint Vincent and the Grenadines,VCT,2007,53
Samoa,WSM,2007,49
San Marino,SMR,2007,60
Sao Tome and Principe,STP,2007,47
Saudi Arabia,SAU,2007,9
Senegal,SEN,2007,43
Serbia,SRB,2007,47
Seychelles,SYC,2007,40
Sierra Leone,SLE,2007,37
Singapore,SGP,2007,32
Slovakia,SVK,2007,54
Slovenia,SVN,2007,53
Solomon Islands,SLB,2007,42
Somalia,SOM,2007,3
South Africa,ZAF,2007,51
South Korea,KOR,2007,50
Spain,ESP,2007,57
Sri Lanka,LKA,2007,31
Sudan,SDN,2007,7
Suriname,SUR,2007,45
Sweden,SWE,2007,60
Switzerland,CHE,2007,58
Syria,SYR,2007,8
Taiwan,TWN,2007,55
Tajikistan,TJK,2007,19
Tanzania,TZA,2007,36
Thailand,THA,2007,31
Tibet,0,2007,4
Togo,TGO,2007,24
Tonga,TON,2007,40
Transnistria,OWID_TRS,2007,15
Trinidad and Tobago,TTO,2007,49
Tunisia,TUN,2007,18
Turkey,TUR,2007,37
Turkmenistan,TKM,2007,5
Tuvalu,TUV,2007,57
Uganda,UGA,2007,30
Ukraine,UKR,2007,44
United Arab Emirates,ARE,2007,17
United Kingdom,GBR,2007,57
United States,USA,2007,56
Uruguay,URY,2007,58
Uzbekistan,UZB,2007,3
Vanuatu,VUT,2007,48
Venezuela,VEN,2007,28
Vietnam,VNM,2007,19
Western Sahara,ESH,2007,11
Yemen,YEM,2007,20
Zambia,ZMB,2007,34
Zimbabwe,ZWE,2007,9
Abkhazia,OWID_ABK,2008,21
Afghanistan,AFG,2008,16
Albania,ALB,2008,40
Algeria,DZA,2008,25
Andorra,AND,2008,57
Angola,AGO,2008,21
Antigua and Barbuda,ATG,2008,47
Argentina,ARG,2008,48
Armenia,ARM,2008,27
Australia,AUS,2008,57
Austria,AUT,2008,58
Azerbaijan,AZE,2008,21
Bahamas,BHS,2008,58
Bahrain,BHR,2008,21
Bangladesh,BGD,2008,30
Barbados,BRB,2008,59
Belarus,BLR,2008,11
Belgium,BEL,2008,58
Belize,BLZ,2008,51
Benin,BEN,2008,48
Bhutan,BTN,2008,24
Bolivia,BOL,2008,40
Bosnia and Herzegovina,BIH,2008,38
Botswana,BWA,2008,48
Brazil,BRA,2008,45
Brunei,BRN,2008,23
Bulgaria,BGR,2008,47
Burkina Faso,BFA,2008,35
Burundi,BDI,2008,23
Cambodia,KHM,2008,23
Cameroon,CMR,2008,15
Canada,CAN,2008,58
Cape Verde,CPV,2008,53
Central African Republic,CAF,2008,23
Chad,TCD,2008,15
Chechnya,0,2008,7
Chile,CHL,2008,58
China,CHN,2008,14
Colombia,COL,2008,34
Comoros,COM,2008,30
Congo,COG,2008,24
Costa Rica,CRI,2008,53
Cote d'Ivoire,CIV,2008,19
Croatia,HRV,2008,49
Cuba,CUB,2008,8
Cyprus,CYP,2008,57
Czechia,CZE,2008,57
Democratic Republic of Congo,COD,2008,11
Denmark,DNK,2008,57
Djibouti,DJI,2008,22
Dominica,DMA,2008,58
Dominican Republic,DOM,2008,48
East Timor,TLS,2008,34
Ecuador,ECU,2008,40
Egypt,EGY,2008,18
El Salvador,SLV,2008,40
Equatorial Guinea,GNQ,2008,7
Eritrea,ERI,2008,10
Estonia,EST,2008,56
Eswatini,SWZ,2008,20
Ethiopia,ETH,2008,20
Fiji,FJI,2008,31
Finland,FIN,2008,60
France,FRA,2008,58
Gabon,GAB,2008,26
Gambia,GMB,2008,27
Georgia,GEO,2008,33
Germany,DEU,2008,57
Ghana,GHA,2008,47
Greece,GRC,2008,51
Grenada,GRD,2008,52
Guatemala,GTM,2008,33
Guinea,GIN,2008,23
Guinea-Bissau,GNB,2008,29
Guyana,GUY,2008,42
Haiti,HTI,2008,25
Honduras,HND,2008,35
Hong Kong,HKG,2008,52
Hungary,HUN,2008,55
Iceland,ISL,2008,60
India,IND,2008,42
Indian Kashmir,0,2008,26
Indonesia,IDN,2008,36
Iran,IRN,2008,13
Iraq,IRQ,2008,13
Ireland,IRL,2008,58
Israel,ISR,2008,47
Israeli Occupied Territories,0,2008,15
Italy,ITA,2008,52
Jamaica,JAM,2008,41
Japan,JPN,2008,51
Jordan,JOR,2008,25
Kazakhstan,KAZ,2008,23
Kenya,KEN,2008,35
Kiribati,KIR,2008,55
Kosovo,OWID_KOS,2008,24
Kuwait,KWT,2008,27
Kyrgyzstan,KGZ,2008,26
Laos,LAO,2008,12
Latvia,LVA,2008,53
Lebanon,LBN,2008,34
Lesotho,LSO,2008,41
Liberia,LBR,2008,34
Libya,LBY,2008,7
Liechtenstein,LIE,2008,60
Lithuania,LTU,2008,54
Luxembourg,LUX,2008,60
Madagascar,MDG,2008,36
Malawi,MWI,2008,34
Malaysia,MYS,2008,29
Maldives,MDV,2008,28
Mali,MLI,2008,40
Malta,MLT,2008,59
Marshall Islands,MHL,2008,55
Mauritania,MRT,2008,23
Mauritius,MUS,2008,52
Mexico,MEX,2008,39
Micronesia (country),FSM,2008,56
Moldova,MDA,2008,33
Monaco,MCO,2008,56
Mongolia,MNG,2008,48
Montenegro,MNE,2008,42
Morocco,MAR,2008,28
Mozambique,MOZ,2008,36
Myanmar,MMR,2008,5
Nagorno-Karabakh,OWID_NAG,2008,20
Namibia,NAM,2008,45
Nauru,NRU,2008,55
Nepal,NPL,2008,29
Netherlands,NLD,2008,59
New Zealand,NZL,2008,57
Nicaragua,NIC,2008,35
Niger,NER,2008,30
Nigeria,NGA,2008,30
North Korea,PRK,2008,2
North Macedonia,MKD,2008,36
Northern Cyprus,OWID_CYN,2008,47
Norway,NOR,2008,60
Oman,OMN,2008,18
Pakistan,PAK,2008,22
Pakistani Kashmir,0,2008,21
Palau,PLW,2008,55
Palestinian Authority Administered Territories,0,2008,13
Panama,PAN,2008,47
Papua New Guinea,PNG,2008,36
Paraguay,PRY,2008,36
Peru,PER,2008,41
Philippines,PHL,2008,38
Poland,POL,2008,55
Portugal,PRT,2008,58
Puerto Rico,PRI,2008,55
Qatar,QAT,2008,18
Romania,ROU,2008,49
Russia,RUS,2008,23
Rwanda,RWA,2008,23
Saint Kitts and Nevis,KNA,2008,53
Saint Lucia,LCA,2008,53
Saint Vincent and the Grenadines,VCT,2008,53
Samoa,WSM,2008,49
San Marino,SMR,2008,60
Sao Tome and Principe,STP,2008,47
Saudi Arabia,SAU,2008,9
Senegal,SEN,2008,43
Serbia,SRB,2008,47
Seychelles,SYC,2008,42
Sierra Leone,SLE,2008,37
Singapore,SGP,2008,31
Slovakia,SVK,2008,54
Slovenia,SVN,2008,53
Solomon Islands,SLB,2008,42
Somalia,SOM,2008,2
Somaliland,OWID_SML,2008,27
South Africa,ZAF,2008,50
South Korea,KOR,2008,50
South Ossetia,OWID_SOS,2008,11
Spain,ESP,2008,57
Sri Lanka,LKA,2008,31
Sudan,SDN,2008,7
Suriname,SUR,2008,45
Sweden,SWE,2008,60
Switzerland,CHE,2008,58
Syria,SYR,2008,8
Taiwan,TWN,2008,54
Tajikistan,TJK,2008,19
Tanzania,TZA,2008,36
Thailand,THA,2008,32
Tibet,0,2008,3
Togo,TGO,2008,25
Tonga,TON,2008,40
Transnistria,OWID_TRS,2008,15
Trinidad and Tobago,TTO,2008,49
Tunisia,TUN,2008,18
Turkey,TUR,2008,36
Turkmenistan,TKM,2008,5
Tuvalu,TUV,2008,57
Uganda,UGA,2008,30
Ukraine,UKR,2008,45
United Arab Emirates,ARE,2008,19
United Kingdom,GBR,2008,57
United States,USA,2008,56
Uruguay,URY,2008,58
Uzbekistan,UZB,2008,3
Vanuatu,VUT,2008,48
Venezuela,VEN,2008,28
Vietnam,VNM,2008,20
Western Sahara,ESH,2008,11
Yemen,YEM,2008,20
Zambia,ZMB,2008,35
Zimbabwe,ZWE,2008,8
Abkhazia,OWID_ABK,2009,21
Afghanistan,AFG,2009,16
Albania,ALB,2009,39
Algeria,DZA,2009,25
Andorra,AND,2009,57
Angola,AGO,2009,21
Antigua and Barbuda,ATG,2009,47
Argentina,ARG,2009,48
Armenia,ARM,2009,28
Australia,AUS,2009,57
Austria,AUT,2009,58
Azerbaijan,AZE,2009,21
Bahamas,BHS,2009,58
Bahrain,BHR,2009,21
Bangladesh,BGD,2009,33
Barbados,BRB,2009,59
Belarus,BLR,2009,11
Belgium,BEL,2009,58
Belize,BLZ,2009,51
Benin,BEN,2009,48
Bhutan,BTN,2009,24
Bolivia,BOL,2009,40
Bosnia and Herzegovina,BIH,2009,38
Botswana,BWA,2009,46
Brazil,BRA,2009,45
Brunei,BRN,2009,23
Bulgaria,BGR,2009,47
Burkina Faso,BFA,2009,35
Burundi,BDI,2009,23
Cambodia,KHM,2009,21
Cameroon,CMR,2009,16
Canada,CAN,2009,59
Cape Verde,CPV,2009,53
Central African Republic,CAF,2009,22
Chad,TCD,2009,15
Chile,CHL,2009,58
China,CHN,2009,16
Colombia,COL,2009,33
Comoros,COM,2009,30
Congo,COG,2009,22
Costa Rica,CRI,2009,53
Cote d'Ivoire,CIV,2009,20
Croatia,HRV,2009,50
Cuba,CUB,2009,8
Cyprus,CYP,2009,56
Czechia,CZE,2009,57
Democratic Republic of Congo,COD,2009,10
Denmark,DNK,2009,56
Djibouti,DJI,2009,23
Dominica,DMA,2009,58
Dominican Republic,DOM,2009,45
East Timor,TLS,2009,34
Ecuador,ECU,2009,39
Egypt,EGY,2009,20
El Salvador,SLV,2009,40
Equatorial Guinea,GNQ,2009,7
Eritrea,ERI,2009,5
Estonia,EST,2009,56
Eswatini,SWZ,2009,21
Ethiopia,ETH,2009,18
Fiji,FJI,2009,31
Finland,FIN,2009,60
France,FRA,2009,58
Gabon,GAB,2009,25
Gambia,GMB,2009,24
Georgia,GEO,2009,34
Germany,DEU,2009,57
Ghana,GHA,2009,47
Greece,GRC,2009,50
Grenada,GRD,2009,52
Guatemala,GTM,2009,33
Guinea,GIN,2009,13
Guinea-Bissau,GNB,2009,27
Guyana,GUY,2009,41
Haiti,HTI,2009,25
Honduras,HND,2009,33
Hong Kong,HKG,2009,52
Hungary,HUN,2009,54
Iceland,ISL,2009,59
India,IND,2009,42
Indian Kashmir,0,2009,26
Indonesia,IDN,2009,35
Iran,IRN,2009,13
Iraq,IRQ,2009,14
Ireland,IRL,2009,58
Israel,ISR,2009,46
Israeli Occupied Territories,0,2009,15
Italy,ITA,2009,52
Jamaica,JAM,2009,41
Japan,JPN,2009,51
Jordan,JOR,2009,24
Kazakhstan,KAZ,2009,21
Kenya,KEN,2009,33
Kiribati,KIR,2009,55
Kosovo,OWID_KOS,2009,26
Kuwait,KWT,2009,27
Kyrgyzstan,KGZ,2009,25
Laos,LAO,2009,12
Latvia,LVA,2009,53
Lebanon,LBN,2009,35
Lesotho,LSO,2009,41
Liberia,LBR,2009,34
Libya,LBY,2009,7
Liechtenstein,LIE,2009,60
Lithuania,LTU,2009,53
Luxembourg,LUX,2009,60
Madagascar,MDG,2009,32
Malawi,MWI,2009,34
Malaysia,MYS,2009,29
Maldives,MDV,2009,32
Mali,MLI,2009,40
Malta,MLT,2009,58
Marshall Islands,MHL,2009,55
Mauritania,MRT,2009,23
Mauritius,MUS,2009,52
Mexico,MEX,2009,39
Micronesia (country),FSM,2009,56
Moldova,MDA,2009,33
Monaco,MCO,2009,56
Mongolia,MNG,2009,50
Montenegro,MNE,2009,44
Morocco,MAR,2009,28
Mozambique,MOZ,2009,36
Myanmar,MMR,2009,5
Nagorno-Karabakh,OWID_NAG,2009,19
Namibia,NAM,2009,46
Nauru,NRU,2009,55
Nepal,NPL,2009,29
Netherlands,NLD,2009,59
New Zealand,NZL,2009,58
Nicaragua,NIC,2009,34
Niger,NER,2009,29
Nigeria,NGA,2009,29
North Korea,PRK,2009,1
North Macedonia,MKD,2009,38
Northern Cyprus,OWID_CYN,2009,47
Norway,NOR,2009,60
Oman,OMN,2009,18
Pakistan,PAK,2009,24
Pakistani Kashmir,0,2009,21
Palau,PLW,2009,55
Palestinian Authority Administered Territories,0,2009,14
Panama,PAN,2009,47
Papua New Guinea,PNG,2009,36
Paraguay,PRY,2009,36
Peru,PER,2009,41
Philippines,PHL,2009,36
Poland,POL,2009,55
Portugal,PRT,2009,58
Puerto Rico,PRI,2009,55
Qatar,QAT,2009,18
Romania,ROU,2009,49
Russia,RUS,2009,20
Rwanda,RWA,2009,24
Saint Kitts and Nevis,KNA,2009,53
Saint Lucia,LCA,2009,53
Saint Vincent and the Grenadines,VCT,2009,53
Samoa,WSM,2009,49
San Marino,SMR,2009,60
Sao Tome and Principe,STP,2009,47
Saudi Arabia,SAU,2009,9
Senegal,SEN,2009,43
Serbia,SRB,2009,48
Seychelles,SYC,2009,42
Sierra Leone,SLE,2009,37
Singapore,SGP,2009,31
Slovakia,SVK,2009,53
Slovenia,SVN,2009,53
Solomon Islands,SLB,2009,42
Somalia,SOM,2009,1
Somaliland,OWID_SML,2009,24
South Africa,ZAF,2009,49
South Korea,KOR,2009,50
South Ossetia,OWID_SOS,2009,8
Spain,ESP,2009,57
Sri Lanka,LKA,2009,30
Sudan,SDN,2009,6
Suriname,SUR,2009,45
Sweden,SWE,2009,60
Switzerland,CHE,2009,57
Syria,SYR,2009,8
Taiwan,TWN,2009,52
Tajikistan,TJK,2009,19
Tanzania,TZA,2009,36
Thailand,THA,2009,32
Tibet,0,2009,3
Togo,TGO,2009,27
Tonga,TON,2009,40
Transnistria,OWID_TRS,2009,15
Trinidad and Tobago,TTO,2009,49
Tunisia,TUN,2009,18
Turkey,TUR,2009,36
Turkmenistan,TKM,2009,7
Tuvalu,TUV,2009,57
Uganda,UGA,2009,30
Ukraine,UKR,2009,45
United Arab Emirates,ARE,2009,19
United Kingdom,GBR,2009,56
United States,USA,2009,56
Uruguay,URY,2009,58
Uzbekistan,UZB,2009,4
Vanuatu,VUT,2009,48
Venezuela,VEN,2009,27
Vietnam,VNM,2009,19
Western Sahara,ESH,2009,10
Yemen,YEM,2009,18
Zambia,ZMB,2009,34
Zimbabwe,ZWE,2009,10
Abkhazia,OWID_ABK,2010,22
Afghanistan,AFG,2010,15
Albania,ALB,2010,40
Algeria,DZA,2010,25
Andorra,AND,2010,57
Angola,AGO,2010,21
Antigua and Barbuda,ATG,2010,48
Argentina,ARG,2010,48
Armenia,ARM,2010,28
Australia,AUS,2010,57
Austria,AUT,2010,58
Azerbaijan,AZE,2010,21
Bahamas,BHS,2010,58
Bahrain,BHR,2010,19
Bangladesh,BGD,2010,34
Barbados,BRB,2010,59
Belarus,BLR,2010,11
Belgium,BEL,2010,58
Belize,BLZ,2010,51
Benin,BEN,2010,50
Bhutan,BTN,2010,24
Bolivia,BOL,2010,39
Bosnia and Herzegovina,BIH,2010,37
Botswana,BWA,2010,46
Brazil,BRA,2010,46
Brunei,BRN,2010,23
Bulgaria,BGR,2010,47
Burkina Faso,BFA,2010,36
Burundi,BDI,2010,22
Cambodia,KHM,2010,20
Cameroon,CMR,2010,16
Canada,CAN,2010,59
Cape Verde,CPV,2010,53
Central African Republic,CAF,2010,22
Chad,TCD,2010,16
Chile,CHL,2010,58
China,CHN,2010,15
Colombia,COL,2010,34
Comoros,COM,2010,30
Congo,COG,2010,22
Costa Rica,CRI,2010,53
Cote d'Ivoire,CIV,2010,16
Croatia,HRV,2010,50
Cuba,CUB,2010,9
Cyprus,CYP,2010,56
Czechia,CZE,2010,57
Democratic Republic of Congo,COD,2010,10
Denmark,DNK,2010,57
Djibouti,DJI,2010,23
Dominica,DMA,2010,58
Dominican Republic,DOM,2010,45
East Timor,TLS,2010,34
Ecuador,ECU,2010,39
Egypt,EGY,2010,19
El Salvador,SLV,2010,41
Equatorial Guinea,GNQ,2010,7
Eritrea,ERI,2010,5
Estonia,EST,2010,56
Eswatini,SWZ,2010,20
Ethiopia,ETH,2010,13
Fiji,FJI,2010,30
Finland,FIN,2010,60
France,FRA,2010,57
Gabon,GAB,2010,25
Gambia,GMB,2010,23
Gaza Strip,0,2010,9
Georgia,GEO,2010,36
Germany,DEU,2010,57
Ghana,GHA,2010,47
Greece,GRC,2010,50
Grenada,GRD,2010,51
Guatemala,GTM,2010,34
Guinea,GIN,2010,22
Guinea-Bissau,GNB,2010,27
Guyana,GUY,2010,41
Haiti,HTI,2010,25
Honduras,HND,2010,33
Hong Kong,HKG,2010,51
Hungary,HUN,2010,53
Iceland,ISL,2010,59
India,IND,2010,42
Indian Kashmir,0,2010,25
Indonesia,IDN,2010,35
Iran,IRN,2010,11
Iraq,IRQ,2010,13
Ireland,IRL,2010,58
Israel,ISR,2010,47
Italy,ITA,2010,52
Jamaica,JAM,2010,40
Japan,JPN,2010,51
Jordan,JOR,2010,24
Kazakhstan,KAZ,2010,22
Kenya,KEN,2010,35
Kiribati,KIR,2010,55
Kosovo,OWID_KOS,2010,26
Kuwait,KWT,2010,25
Kyrgyzstan,KGZ,2010,24
Laos,LAO,2010,12
Latvia,LVA,2010,52
Lebanon,LBN,2010,35
Lesotho,LSO,2010,41
Liberia,LBR,2010,34
Libya,LBY,2010,7
Liechtenstein,LIE,2010,60
Lithuania,LTU,2010,53
Luxembourg,LUX,2010,60
Madagascar,MDG,2010,32
Malawi,MWI,2010,34
Malaysia,MYS,2010,29
Maldives,MDV,2010,32
Mali,MLI,2010,41
Malta,MLT,2010,58
Marshall Islands,MHL,2010,55
Mauritania,MRT,2010,23
Mauritius,MUS,2010,52
Mexico,MEX,2010,37
Micronesia (country),FSM,2010,56
Moldova,MDA,2010,36
Monaco,MCO,2010,56
Mongolia,MNG,2010,50
Montenegro,MNE,2010,45
Morocco,MAR,2010,28
Mozambique,MOZ,2010,36
Myanmar,MMR,2010,5
Nagorno-Karabakh,OWID_NAG,2010,19
Namibia,NAM,2010,45
Nauru,NRU,2010,55
Nepal,NPL,2010,28
Netherlands,NLD,2010,58
New Zealand,NZL,2010,58
Nicaragua,NIC,2010,34
Niger,NER,2010,30
Nigeria,NGA,2010,29
North Korea,PRK,2010,1
North Macedonia,MKD,2010,40
Northern Cyprus,OWID_CYN,2010,47
Norway,NOR,2010,60
Oman,OMN,2010,18
Pakistan,PAK,2010,24
Pakistani Kashmir,0,2010,21
Palau,PLW,2010,55
Panama,PAN,2010,47
Papua New Guinea,PNG,2010,36
Paraguay,PRY,2010,36
Peru,PER,2010,41
Philippines,PHL,2010,36
Poland,POL,2010,55
Portugal,PRT,2010,58
Puerto Rico,PRI,2010,53
Qatar,QAT,2010,18
Romania,ROU,2010,49
Russia,RUS,2010,20
Rwanda,RWA,2010,19
Saint Kitts and Nevis,KNA,2010,53
Saint Lucia,LCA,2010,53
Saint Vincent and the Grenadines,VCT,2010,53
Samoa,WSM,2010,49
San Marino,SMR,2010,60
Sao Tome and Principe,STP,2010,47
Saudi Arabia,SAU,2010,9
Senegal,SEN,2010,43
Serbia,SRB,2010,48
Seychelles,SYC,2010,42
Sierra Leone,SLE,2010,37
Singapore,SGP,2010,31
Slovakia,SVK,2010,53
Slovenia,SVN,2010,53
Solomon Islands,SLB,2010,42
Somalia,SOM,2010,1
Somaliland,OWID_SML,2010,25
South Africa,ZAF,2010,48
South Korea,KOR,2010,50
South Ossetia,OWID_SOS,2010,10
Spain,ESP,2010,57
Sri Lanka,LKA,2010,28
Sudan,SDN,2010,6
Suriname,SUR,2010,45
Sweden,SWE,2010,60
Switzerland,CHE,2010,57
Syria,SYR,2010,8
Taiwan,TWN,2010,51
Tajikistan,TJK,2010,18
Tanzania,TZA,2010,36
Thailand,THA,2010,30
Tibet,0,2010,3
Togo,TGO,2010,26
Tonga,TON,2010,42
Transnistria,OWID_TRS,2010,15
Trinidad and Tobago,TTO,2010,49
Tunisia,TUN,2010,18
Turkey,TUR,2010,36
Turkmenistan,TKM,2010,7
Tuvalu,TUV,2010,57
Uganda,UGA,2010,30
Ukraine,UKR,2010,40
United Arab Emirates,ARE,2010,19
United Kingdom,GBR,2010,57
United States,USA,2010,56
Uruguay,URY,2010,58
Uzbekistan,UZB,2010,4
Vanuatu,VUT,2010,48
Venezuela,VEN,2010,25
Vietnam,VNM,2010,18
West Bank,0,2010,25
Western Sahara,ESH,2010,10
Yemen,YEM,2010,18
Zambia,ZMB,2010,33
Zimbabwe,ZWE,2010,13
Abkhazia,OWID_ABK,2011,22
Afghanistan,AFG,2011,13
Albania,ALB,2011,39
Algeria,DZA,2011,24
Andorra,AND,2011,57
Angola,AGO,2011,19
Antigua and Barbuda,ATG,2011,48
Argentina,ARG,2011,49
Armenia,ARM,2011,29
Australia,AUS,2011,57
Austria,AUT,2011,58
Azerbaijan,AZE,2011,17
Bahamas,BHS,2011,58
Bahrain,BHR,2011,12
Bangladesh,BGD,2011,33
Barbados,BRB,2011,59
Belarus,BLR,2011,10
Belgium,BEL,2011,58
Belize,BLZ,2011,51
Benin,BEN,2011,49
Bhutan,BTN,2011,24
Bolivia,BOL,2011,38
Bosnia and Herzegovina,BIH,2011,37
Botswana,BWA,2011,46
Brazil,BRA,2011,47
Brunei,BRN,2011,23
Bulgaria,BGR,2011,47
Burkina Faso,BFA,2011,35
Burundi,BDI,2011,22
Cambodia,KHM,2011,21
Cameroon,CMR,2011,16
Canada,CAN,2011,59
Cape Verde,CPV,2011,53
Central African Republic,CAF,2011,22
Chad,TCD,2011,16
Chile,CHL,2011,58
China,CHN,2011,14
Colombia,COL,2011,34
Comoros,COM,2011,30
Congo,COG,2011,22
Costa Rica,CRI,2011,53
Cote d'Ivoire,CIV,2011,13
Croatia,HRV,2011,50
Cuba,CUB,2011,10
Cyprus,CYP,2011,55
Czechia,CZE,2011,57
Democratic Republic of Congo,COD,2011,11
Denmark,DNK,2011,58
Djibouti,DJI,2011,20
Dominica,DMA,2011,58
Dominican Republic,DOM,2011,44
East Timor,TLS,2011,34
Ecuador,ECU,2011,36
Egypt,EGY,2011,24
El Salvador,SLV,2011,41
Equatorial Guinea,GNQ,2011,7
Eritrea,ERI,2011,4
Estonia,EST,2011,56
Eswatini,SWZ,2011,20
Ethiopia,ETH,2011,12
Fiji,FJI,2011,28
Finland,FIN,2011,60
France,FRA,2011,57
Gabon,GAB,2011,25
Gambia,GMB,2011,17
Gaza Strip,0,2011,10
Georgia,GEO,2011,36
Germany,DEU,2011,57
Ghana,GHA,2011,47
Greece,GRC,2011,50
Grenada,GRD,2011,51
Guatemala,GTM,2011,34
Guinea,GIN,2011,20
Guinea-Bissau,GNB,2011,27
Guyana,GUY,2011,41
Haiti,HTI,2011,25
Honduras,HND,2011,33
Hong Kong,HKG,2011,51
Hungary,HUN,2011,52
Iceland,ISL,2011,59
India,IND,2011,43
Indian Kashmir,0,2011,28
Indonesia,IDN,2011,35
Iran,IRN,2011,10
Iraq,IRQ,2011,13
Ireland,IRL,2011,58
Israel,ISR,2011,45
Italy,ITA,2011,53
Jamaica,JAM,2011,40
Japan,JPN,2011,51
Jordan,JOR,2011,25
Kazakhstan,KAZ,2011,21
Kenya,KEN,2011,36
Kiribati,KIR,2011,55
Kosovo,OWID_KOS,2011,26
Kuwait,KWT,2011,25
Kyrgyzstan,KGZ,2011,25
Laos,LAO,2011,12
Latvia,LVA,2011,51
Lebanon,LBN,2011,34
Lesotho,LSO,2011,41
Liberia,LBR,2011,34
Libya,LBY,2011,14
Liechtenstein,LIE,2011,59
Lithuania,LTU,2011,53
Luxembourg,LUX,2011,60
Madagascar,MDG,2011,32
Malawi,MWI,2011,32
Malaysia,MYS,2011,29
Maldives,MDV,2011,32
Mali,MLI,2011,41
Malta,MLT,2011,58
Marshall Islands,MHL,2011,55
Mauritania,MRT,2011,22
Mauritius,MUS,2011,52
Mexico,MEX,2011,37
Micronesia (country),FSM,2011,56
Moldova,MDA,2011,37
Monaco,MCO,2011,56
Mongolia,MNG,2011,50
Montenegro,MNE,2011,45
Morocco,MAR,2011,28
Mozambique,MOZ,2011,36
Myanmar,MMR,2011,10
Nagorno-Karabakh,OWID_NAG,2011,19
Namibia,NAM,2011,46
Nauru,NRU,2011,55
Nepal,NPL,2011,27
Netherlands,NLD,2011,59
New Zealand,NZL,2011,58
Nicaragua,NIC,2011,34
Niger,NER,2011,30
Nigeria,NGA,2011,28
North Korea,PRK,2011,2
North Macedonia,MKD,2011,39
Northern Cyprus,OWID_CYN,2011,47
Norway,NOR,2011,60
Oman,OMN,2011,18
Pakistan,PAK,2011,23
Pakistani Kashmir,0,2011,21
Palau,PLW,2011,55
Panama,PAN,2011,47
Papua New Guinea,PNG,2011,36
Paraguay,PRY,2011,36
Peru,PER,2011,41
Philippines,PHL,2011,36
Poland,POL,2011,55
Portugal,PRT,2011,58
Puerto Rico,PRI,2011,52
Qatar,QAT,2011,18
Romania,ROU,2011,49
Russia,RUS,2011,21
Rwanda,RWA,2011,17
Saint Kitts and Nevis,KNA,2011,53
Saint Lucia,LCA,2011,53
Saint Vincent and the Grenadines,VCT,2011,53
Samoa,WSM,2011,49
San Marino,SMR,2011,60
Sao Tome and Principe,STP,2011,47
Saudi Arabia,SAU,2011,7
Senegal,SEN,2011,43
Serbia,SRB,2011,48
Seychelles,SYC,2011,42
Sierra Leone,SLE,2011,39
Singapore,SGP,2011,33
Slovakia,SVK,2011,55
Slovenia,SVN,2011,53
Solomon Islands,SLB,2011,42
Somalia,SOM,2011,1
Somaliland,OWID_SML,2011,25
South Africa,ZAF,2011,48
South Korea,KOR,2011,50
South Ossetia,OWID_SOS,2011,8
South Sudan,SSD,2011,22
Spain,ESP,2011,57
Sri Lanka,LKA,2011,28
Sudan,SDN,2011,4
Suriname,SUR,2011,45
Sweden,SWE,2011,60
Switzerland,CHE,2011,57
Syria,SYR,2011,6
Taiwan,TWN,2011,52
Tajikistan,TJK,2011,18
Tanzania,TZA,2011,36
Thailand,THA,2011,31
Tibet,0,2011,3
Togo,TGO,2011,27
Tonga,TON,2011,42
Transnistria,OWID_TRS,2011,15
Trinidad and Tobago,TTO,2011,48
Tunisia,TUN,2011,33
Turkey,TUR,2011,35
Turkmenistan,TKM,2011,6
Tuvalu,TUV,2011,57
Uganda,UGA,2011,29
Ukraine,UKR,2011,37
United Arab Emirates,ARE,2011,16
United Kingdom,GBR,2011,56
United States,USA,2011,55
Uruguay,URY,2011,58
Uzbekistan,UZB,2011,4
Vanuatu,VUT,2011,48
Venezuela,VEN,2011,24
Vietnam,VNM,2011,17
West Bank,0,2011,24
Western Sahara,ESH,2011,7
Yemen,YEM,2011,15
Zambia,ZMB,2011,34
Zimbabwe,ZWE,2011,12
Abkhazia,OWID_ABK,2012,22
Afghanistan,AFG,2012,16
Albania,ALB,2012,39
Algeria,DZA,2012,24
Andorra,AND,2012,57
Angola,AGO,2012,19
Antigua and Barbuda,ATG,2012,49
Argentina,ARG,2012,49
Armenia,ARM,2012,29
Australia,AUS,2012,58
Austria,AUT,2012,58
Azerbaijan,AZE,2012,17
Bahamas,BHS,2012,58
Bahrain,BHR,2012,12
Bangladesh,BGD,2012,31
Barbados,BRB,2012,59
Belarus,BLR,2012,10
Belgium,BEL,2012,57
Belize,BLZ,2012,51
Benin,BEN,2012,50
Bhutan,BTN,2012,24
Bolivia,BOL,2012,40
Bosnia and Herzegovina,BIH,2012,37
Botswana,BWA,2012,46
Brazil,BRA,2012,48
Brunei,BRN,2012,23
Bulgaria,BGR,2012,47
Burkina Faso,BFA,2012,36
Burundi,BDI,2012,22
Cambodia,KHM,2012,20
Cameroon,CMR,2012,16
Canada,CAN,2012,58
Cape Verde,CPV,2012,53
Central African Republic,CAF,2012,19
Chad,TCD,2012,16
Chile,CHL,2012,57
China,CHN,2012,15
Colombia,COL,2012,34
Comoros,COM,2012,30
Congo,COG,2012,22
Costa Rica,CRI,2012,53
Cote d'Ivoire,CIV,2012,21
Croatia,HRV,2012,50
Cuba,CUB,2012,10
Cyprus,CYP,2012,55
Czechia,CZE,2012,57
Democratic Republic of Congo,COD,2012,11
Denmark,DNK,2012,58
Djibouti,DJI,2012,20
Dominica,DMA,2012,57
Dominican Republic,DOM,2012,44
East Timor,TLS,2012,34
Ecuador,ECU,2012,36
Egypt,EGY,2012,25
El Salvador,SLV,2012,42
Equatorial Guinea,GNQ,2012,7
Eritrea,ERI,2012,2
Estonia,EST,2012,56
Eswatini,SWZ,2012,20
Ethiopia,ETH,2012,11
Fiji,FJI,2012,30
Finland,FIN,2012,60
France,FRA,2012,57
Gabon,GAB,2012,25
Gambia,GMB,2012,16
Gaza Strip,0,2012,10
Georgia,GEO,2012,36
Germany,DEU,2012,57
Ghana,GHA,2012,47
Greece,GRC,2012,48
Grenada,GRD,2012,51
Guatemala,GTM,2012,33
Guinea,GIN,2012,24
Guinea-Bissau,GNB,2012,23
Guyana,GUY,2012,40
Haiti,HTI,2012,24
Honduras,HND,2012,33
Hong Kong,HKG,2012,51
Hungary,HUN,2012,52
Iceland,ISL,2012,60
India,IND,2012,42
Indian Kashmir,0,2012,29
Indonesia,IDN,2012,35
Iran,IRN,2012,10
Iraq,IRQ,2012,13
Ireland,IRL,2012,58
Israel,ISR,2012,45
Italy,ITA,2012,53
Jamaica,JAM,2012,40
Japan,JPN,2012,51
Jordan,JOR,2012,24
Kazakhstan,KAZ,2012,20
Kenya,KEN,2012,34
Kiribati,KIR,2012,55
Kosovo,OWID_KOS,2012,26
Kuwait,KWT,2012,24
Kyrgyzstan,KGZ,2012,25
Laos,LAO,2012,11
Latvia,LVA,2012,51
Lebanon,LBN,2012,32
Lesotho,LSO,2012,41
Liberia,LBR,2012,34
Libya,LBY,2012,21
Liechtenstein,LIE,2012,59
Lithuania,LTU,2012,53
Luxembourg,LUX,2012,60
Madagascar,MDG,2012,28
Malawi,MWI,2012,34
Malaysia,MYS,2012,28
Maldives,MDV,2012,29
Mali,MLI,2012,19
Malta,MLT,2012,58
Marshall Islands,MHL,2012,55
Mauritania,MRT,2012,23
Mauritius,MUS,2012,52
Mexico,MEX,2012,37
Micronesia (country),FSM,2012,56
Moldova,MDA,2012,36
Monaco,MCO,2012,56
Mongolia,MNG,2012,50
Montenegro,MNE,2012,45
Morocco,MAR,2012,27
Mozambique,MOZ,2012,36
Myanmar,MMR,2012,17
Nagorno-Karabakh,OWID_NAG,2012,19
Namibia,NAM,2012,46
Nauru,NRU,2012,55
Nepal,NPL,2012,27
Netherlands,NLD,2012,59
New Zealand,NZL,2012,58
Nicaragua,NIC,2012,34
Niger,NER,2012,30
Nigeria,NGA,2012,26
North Korea,PRK,2012,3
North Macedonia,MKD,2012,38
Northern Cyprus,OWID_CYN,2012,46
Norway,NOR,2012,60
Oman,OMN,2012,17
Pakistan,PAK,2012,22
Pakistani Kashmir,0,2012,21
Palau,PLW,2012,55
Panama,PAN,2012,46
Papua New Guinea,PNG,2012,36
Paraguay,PRY,2012,35
Peru,PER,2012,41
Philippines,PHL,2012,37
Poland,POL,2012,55
Portugal,PRT,2012,58
Puerto Rico,PRI,2012,52
Qatar,QAT,2012,18
Romania,ROU,2012,49
Russia,RUS,2012,20
Rwanda,RWA,2012,16
Saint Kitts and Nevis,KNA,2012,53
Saint Lucia,LCA,2012,54
Saint Vincent and the Grenadines,VCT,2012,53
Samoa,WSM,2012,49
San Marino,SMR,2012,60
Sao Tome and Principe,STP,2012,47
Saudi Arabia,SAU,2012,7
Senegal,SEN,2012,43
Serbia,SRB,2012,48
Seychelles,SYC,2012,42
Sierra Leone,SLE,2012,40
Singapore,SGP,2012,33
Slovakia,SVK,2012,55
Slovenia,SVN,2012,53
Solomon Islands,SLB,2012,43
Somalia,SOM,2012,2
Somaliland,OWID_SML,2012,25
South Africa,ZAF,2012,47
South Korea,KOR,2012,50
South Ossetia,OWID_SOS,2012,8
South Sudan,SSD,2012,20
Spain,ESP,2012,57
Sri Lanka,LKA,2012,27
Sudan,SDN,2012,5
Suriname,SUR,2012,44
Sweden,SWE,2012,60
Switzerland,CHE,2012,57
Syria,SYR,2012,6
Taiwan,TWN,2012,52
Tajikistan,TJK,2012,16
Tanzania,TZA,2012,38
Thailand,THA,2012,31
Tibet,0,2012,3
Togo,TGO,2012,27
Tonga,TON,2012,44
Transnistria,OWID_TRS,2012,15
Trinidad and Tobago,TTO,2012,48
Tunisia,TUN,2012,33
Turkey,TUR,2012,33
Turkmenistan,TKM,2012,6
Tuvalu,TUV,2012,57
Uganda,UGA,2012,28
Ukraine,UKR,2012,36
United Arab Emirates,ARE,2012,14
United Kingdom,GBR,2012,57
United States,USA,2012,56
Uruguay,URY,2012,58
Uzbekistan,UZB,2012,4
Vanuatu,VUT,2012,47
Venezuela,VEN,2012,24
Vietnam,VNM,2012,17
West Bank,0,2012,24
Western Sahara,ESH,2012,7
Yemen,YEM,2012,16
Zambia,ZMB,2012,34
Zimbabwe,ZWE,2012,14
Abkhazia,OWID_ABK,2013,22
Afghanistan,AFG,2013,15
Albania,ALB,2013,40
Algeria,DZA,2013,23
Andorra,AND,2013,57
Angola,AGO,2013,18
Antigua and Barbuda,ATG,2013,49
Argentina,ARG,2013,49
Armenia,ARM,2013,29
Australia,AUS,2013,58
Austria,AUT,2013,58
Azerbaijan,AZE,2013,16
Bahamas,BHS,2013,58
Bahrain,BHR,2013,10
Bangladesh,BGD,2013,29
Barbados,BRB,2013,59
Belarus,BLR,2013,10
Belgium,BEL,2013,57
Belize,BLZ,2013,51
Benin,BEN,2013,48
Bhutan,BTN,2013,27
Bolivia,BOL,2013,38
Bosnia and Herzegovina,BIH,2013,37
Botswana,BWA,2013,46
Brazil,BRA,2013,48
Brunei,BRN,2013,23
Bulgaria,BGR,2013,47
Burkina Faso,BFA,2013,36
Burundi,BDI,2013,22
Cambodia,KHM,2013,20
Cameroon,CMR,2013,16
Canada,CAN,2013,59
Cape Verde,CPV,2013,53
Central African Republic,CAF,2013,6
Chad,TCD,2013,16
Chile,CHL,2013,56
China,CHN,2013,15
Colombia,COL,2013,34
Comoros,COM,2013,30
Congo,COG,2013,23
Costa Rica,CRI,2013,53
Cote d'Ivoire,CIV,2013,28
Croatia,HRV,2013,50
Cuba,CUB,2013,11
Cyprus,CYP,2013,55
Czechia,CZE,2013,57
Democratic Republic of Congo,COD,2013,11
Denmark,DNK,2013,58
Djibouti,DJI,2013,20
Dominica,DMA,2013,57
Dominican Republic,DOM,2013,43
East Timor,TLS,2013,34
Ecuador,ECU,2013,36
Egypt,EGY,2013,22
El Salvador,SLV,2013,42
Equatorial Guinea,GNQ,2013,7
Eritrea,ERI,2013,2
Estonia,EST,2013,56
Eswatini,SWZ,2013,19
Ethiopia,ETH,2013,11
Fiji,FJI,2013,30
Finland,FIN,2013,60
France,FRA,2013,57
Gabon,GAB,2013,25
Gambia,GMB,2013,14
Gaza Strip,0,2013,10
Georgia,GEO,2013,38
Germany,DEU,2013,57
Ghana,GHA,2013,47
Greece,GRC,2013,48
Grenada,GRD,2013,51
Guatemala,GTM,2013,32
Guinea,GIN,2013,24
Guinea-Bissau,GNB,2013,23
Guyana,GUY,2013,41
Haiti,HTI,2013,25
Honduras,HND,2013,31
Hong Kong,HKG,2013,51
Hungary,HUN,2013,52
Iceland,ISL,2013,60
India,IND,2013,43
Indian Kashmir,0,2013,29
Indonesia,IDN,2013,34
Iran,IRN,2013,10
Iraq,IRQ,2013,13
Ireland,IRL,2013,58
Israel,ISR,2013,45
Italy,ITA,2013,53
Jamaica,JAM,2013,40
Japan,JPN,2013,53
Jordan,JOR,2013,24
Kazakhstan,KAZ,2013,19
Kenya,KEN,2013,31
Kiribati,KIR,2013,55
Kosovo,OWID_KOS,2013,26
Kuwait,KWT,2013,23
Kyrgyzstan,KGZ,2013,25
Laos,LAO,2013,11
Latvia,LVA,2013,51
Lebanon,LBN,2013,32
Lesotho,LSO,2013,41
Liberia,LBR,2013,33
Libya,LBY,2013,20
Liechtenstein,LIE,2013,59
Lithuania,LTU,2013,53
Luxembourg,LUX,2013,60
Madagascar,MDG,2013,28
Malawi,MWI,2013,34
Malaysia,MYS,2013,28
Maldives,MDV,2013,29
Mali,MLI,2013,27
Malta,MLT,2013,58
Marshall Islands,MHL,2013,55
Mauritania,MRT,2013,23
Mauritius,MUS,2013,52
Mexico,MEX,2013,37
Micronesia (country),FSM,2013,56
Moldova,MDA,2013,35
Monaco,MCO,2013,57
Mongolia,MNG,2013,50
Montenegro,MNE,2013,45
Morocco,MAR,2013,27
Mozambique,MOZ,2013,35
Myanmar,MMR,2013,17
Nagorno-Karabakh,OWID_NAG,2013,19
Namibia,NAM,2013,46
Nauru,NRU,2013,54
Nepal,NPL,2013,27
Netherlands,NLD,2013,59
New Zealand,NZL,2013,58
Nicaragua,NIC,2013,35
Niger,NER,2013,30
Nigeria,NGA,2013,26
North Korea,PRK,2013,3
North Macedonia,MKD,2013,38
Northern Cyprus,OWID_CYN,2013,47
Norway,NOR,2013,60
Oman,OMN,2013,17
Pakistan,PAK,2013,21
Pakistani Kashmir,0,2013,21
Palau,PLW,2013,55
Panama,PAN,2013,47
Papua New Guinea,PNG,2013,36
Paraguay,PRY,2013,35
Peru,PER,2013,41
Philippines,PHL,2013,37
Poland,POL,2013,55
Portugal,PRT,2013,58
Puerto Rico,PRI,2013,52
Qatar,QAT,2013,18
Romania,ROU,2013,49
Russia,RUS,2013,19
Rwanda,RWA,2013,17
Saint Kitts and Nevis,KNA,2013,53
Saint Lucia,LCA,2013,53
Saint Vincent and the Grenadines,VCT,2013,53
Samoa,WSM,2013,49
San Marino,SMR,2013,60
Sao Tome and Principe,STP,2013,47
Saudi Arabia,SAU,2013,7
Senegal,SEN,2013,46
Serbia,SRB,2013,48
Seychelles,SYC,2013,42
Sierra Leone,SLE,2013,38
Singapore,SGP,2013,32
Slovakia,SVK,2013,54
Slovenia,SVN,2013,53
Solomon Islands,SLB,2013,43
Somalia,SOM,2013,2
Somaliland,OWID_SML,2013,25
South Africa,ZAF,2013,48
South Korea,KOR,2013,50
South Ossetia,OWID_SOS,2013,8
South Sudan,SSD,2013,16
Spain,ESP,2013,57
Sri Lanka,LKA,2013,26
Sudan,SDN,2013,5
Suriname,SUR,2013,44
Sweden,SWE,2013,59
Switzerland,CHE,2013,57
Syria,SYR,2013,3
Taiwan,TWN,2013,52
Tajikistan,TJK,2013,16
Tanzania,TZA,2013,35
Thailand,THA,2013,32
Tibet,0,2013,3
Togo,TGO,2013,29
Tonga,TON,2013,44
Transnistria,OWID_TRS,2013,14
Trinidad and Tobago,TTO,2013,48
Tunisia,TUN,2013,36
Turkey,TUR,2013,32
Turkmenistan,TKM,2013,6
Tuvalu,TUV,2013,57
Uganda,UGA,2013,26
Ukraine,UKR,2013,35
United Arab Emirates,ARE,2013,13
United Kingdom,GBR,2013,57
United States,USA,2013,55
Uruguay,URY,2013,58
Uzbekistan,UZB,2013,4
Vanuatu,VUT,2013,47
Venezuela,VEN,2013,24
Vietnam,VNM,2013,17
West Bank,0,2013,24
Western Sahara,ESH,2013,7
Yemen,YEM,2013,16
Zambia,ZMB,2013,34
Zimbabwe,ZWE,2013,16
Abkhazia,OWID_ABK,2014,23
Afghanistan,AFG,2014,13
Albania,ALB,2014,40
Algeria,DZA,2014,23
Andorra,AND,2014,57
Angola,AGO,2014,18
Antigua and Barbuda,ATG,2014,49
Argentina,ARG,2014,49
Armenia,ARM,2014,30
Australia,AUS,2014,58
Austria,AUT,2014,58
Azerbaijan,AZE,2014,14
Bahamas,BHS,2014,58
Bahrain,BHR,2014,10
Bangladesh,BGD,2014,29
Barbados,BRB,2014,59
Belarus,BLR,2014,10
Belgium,BEL,2014,57
Belize,BLZ,2014,51
Benin,BEN,2014,49
Bhutan,BTN,2014,27
Bolivia,BOL,2014,39
Bosnia and Herzegovina,BIH,2014,37
Botswana,BWA,2014,45
Brazil,BRA,2014,48
Brunei,BRN,2014,23
Bulgaria,BGR,2014,46
Burkina Faso,BFA,2014,36
Burundi,BDI,2014,21
Cambodia,KHM,2014,20
Cameroon,CMR,2014,16
Canada,CAN,2014,59
Cape Verde,CPV,2014,53
Central African Republic,CAF,2014,6
Chad,TCD,2014,16
Chile,CHL,2014,56
China,CHN,2014,15
Colombia,COL,2014,34
Comoros,COM,2014,30
Congo,COG,2014,23
Costa Rica,CRI,2014,53
Cote d'Ivoire,CIV,2014,29
Crimea,0,2014,11
Croatia,HRV,2014,50
Cuba,CUB,2014,13
Cyprus,CYP,2014,56
Czechia,CZE,2014,57
Democratic Republic of Congo,COD,2014,16
Denmark,DNK,2014,58
Djibouti,DJI,2014,19
Dominica,DMA,2014,57
Dominican Republic,DOM,2014,43
East Timor,TLS,2014,36
Ecuador,ECU,2014,35
Egypt,EGY,2014,18
El Salvador,SLV,2014,40
Equatorial Guinea,GNQ,2014,7
Eritrea,ERI,2014,2
Estonia,EST,2014,56
Eswatini,SWZ,2014,17
Ethiopia,ETH,2014,11
Fiji,FJI,2014,34
Finland,FIN,2014,60
France,FRA,2014,57
Gabon,GAB,2014,25
Gambia,GMB,2014,13
Gaza Strip,0,2014,10
Georgia,GEO,2014,38
Germany,DEU,2014,57
Ghana,GHA,2014,47
Greece,GRC,2014,48
Grenada,GRD,2014,51
Guatemala,GTM,2014,31
Guinea,GIN,2014,24
Guinea-Bissau,GNB,2014,23
Guyana,GUY,2014,41
Haiti,HTI,2014,24
Honduras,HND,2014,29
Hong Kong,HKG,2014,49
Hungary,HUN,2014,50
Iceland,ISL,2014,60
India,IND,2014,43
Indian Kashmir,0,2014,29
Indonesia,IDN,2014,34
Iran,IRN,2014,10
Iraq,IRQ,2014,13
Ireland,IRL,2014,58
Israel,ISR,2014,44
Italy,ITA,2014,53
Jamaica,JAM,2014,40
Japan,JPN,2014,55
Jordan,JOR,2014,25
Kazakhstan,KAZ,2014,18
Kenya,KEN,2014,29
Kiribati,KIR,2014,55
Kosovo,OWID_KOS,2014,29
Kuwait,KWT,2014,23
Kyrgyzstan,KGZ,2014,24
Laos,LAO,2014,11
Latvia,LVA,2014,51
Lebanon,LBN,2014,30
Lesotho,LSO,2014,41
Liberia,LBR,2014,30
Libya,LBY,2014,15
Liechtenstein,LIE,2014,59
Lithuania,LTU,2014,53
Luxembourg,LUX,2014,60
Madagascar,MDG,2014,30
Malawi,MWI,2014,34
Malaysia,MYS,2014,27
Maldives,MDV,2014,28
Mali,MLI,2014,27
Malta,MLT,2014,58
Marshall Islands,MHL,2014,55
Mauritania,MRT,2014,22
Mauritius,MUS,2014,52
Mexico,MEX,2014,36
Micronesia (country),FSM,2014,56
Moldova,MDA,2014,35
Monaco,MCO,2014,57
Mongolia,MNG,2014,50
Montenegro,MNE,2014,44
Morocco,MAR,2014,27
Mozambique,MOZ,2014,35
Myanmar,MMR,2014,16
Nagorno-Karabakh,OWID_NAG,2014,18
Namibia,NAM,2014,46
Nauru,NRU,2014,51
Nepal,NPL,2014,27
Netherlands,NLD,2014,59
New Zealand,NZL,2014,58
Nicaragua,NIC,2014,35
Niger,NER,2014,30
Nigeria,NGA,2014,25
North Korea,PRK,2014,3
North Macedonia,MKD,2014,37
Northern Cyprus,OWID_CYN,2014,47
Norway,NOR,2014,60
Oman,OMN,2014,17
Pakistan,PAK,2014,22
Pakistani Kashmir,0,2014,20
Palau,PLW,2014,55
Panama,PAN,2014,47
Papua New Guinea,PNG,2014,36
Paraguay,PRY,2014,38
Peru,PER,2014,41
Philippines,PHL,2014,37
Poland,POL,2014,55
Portugal,PRT,2014,58
Puerto Rico,PRI,2014,52
Qatar,QAT,2014,18
Romania,ROU,2014,49
Russia,RUS,2014,16
Rwanda,RWA,2014,16
Saint Kitts and Nevis,KNA,2014,53
Saint Lucia,LCA,2014,53
Saint Vincent and the Grenadines,VCT,2014,54
Samoa,WSM,2014,49
San Marino,SMR,2014,60
Sao Tome and Principe,STP,2014,47
Saudi Arabia,SAU,2014,7
Senegal,SEN,2014,45
Serbia,SRB,2014,49
Seychelles,SYC,2014,42
Sierra Leone,SLE,2014,37
Singapore,SGP,2014,32
Slovakia,SVK,2014,53
Slovenia,SVN,2014,53
Solomon Islands,SLB,2014,43
Somalia,SOM,2014,2
Somaliland,OWID_SML,2014,25
South Africa,ZAF,2014,48
South Korea,KOR,2014,50
South Ossetia,OWID_SOS,2014,9
South Sudan,SSD,2014,13
Spain,ESP,2014,57
Sri Lanka,LKA,2014,25
Sudan,SDN,2014,4
Suriname,SUR,2014,44
Sweden,SWE,2014,59
Switzerland,CHE,2014,57
Syria,SYR,2014,2
Taiwan,TWN,2014,51
Tajikistan,TJK,2014,15
Tanzania,TZA,2014,35
Thailand,THA,2014,25
Tibet,0,2014,3
Togo,TGO,2014,29
Tonga,TON,2014,44
Transnistria,OWID_TRS,2014,14
Trinidad and Tobago,TTO,2014,48
Tunisia,TUN,2014,43
Turkey,TUR,2014,29
Turkmenistan,TKM,2014,5
Tuvalu,TUV,2014,57
Uganda,UGA,2014,25
Ukraine,UKR,2014,37
United Arab Emirates,ARE,2014,13
United Kingdom,GBR,2014,57
United States,USA,2014,55
Uruguay,URY,2014,58
Uzbekistan,UZB,2014,4
Vanuatu,VUT,2014,47
Venezuela,VEN,2014,22
Vietnam,VNM,2014,17
West Bank,0,2014,25
Western Sahara,ESH,2014,7
Yemen,YEM,2014,16
Zambia,ZMB,2014,34
Zimbabwe,ZWE,2014,16
Abkhazia,OWID_ABK,2015,23
Afghanistan,AFG,2015,14
Albania,ALB,2015,40
Algeria,DZA,2015,24
Andorra,AND,2015,57
Angola,AGO,2015,14
Antigua and Barbuda,ATG,2015,49
Argentina,ARG,2015,48
Armenia,ARM,2015,30
Australia,AUS,2015,58
Austria,AUT,2015,58
Azerbaijan,AZE,2015,11
Bahamas,BHS,2015,54
Bahrain,BHR,2015,10
Bangladesh,BGD,2015,28
Barbados,BRB,2015,58
Belarus,BLR,2015,13
Belgium,BEL,2015,56
Belize,BLZ,2015,51
Benin,BEN,2015,49
Bhutan,BTN,2015,27
Bolivia,BOL,2015,39
Bosnia and Herzegovina,BIH,2015,35
Botswana,BWA,2015,45
Brazil,BRA,2015,48
Brunei,BRN,2015,22
Bulgaria,BGR,2015,47
Burkina Faso,BFA,2015,38
Burundi,BDI,2015,14
Cambodia,KHM,2015,21
Cameroon,CMR,2015,15
Canada,CAN,2015,59
Cape Verde,CPV,2015,53
Central African Republic,CAF,2015,6
Chad,TCD,2015,16
Chile,CHL,2015,57
China,CHN,2015,15
Colombia,COL,2015,34
Comoros,COM,2015,31
Congo,COG,2015,22
Costa Rica,CRI,2015,53
Cote d'Ivoire,CIV,2015,31
Crimea,0,2015,10
Croatia,HRV,2015,50
Cuba,CUB,2015,14
Cyprus,CYP,2015,56
Czechia,CZE,2015,57
Democratic Republic of Congo,COD,2015,16
Denmark,DNK,2015,58
Djibouti,DJI,2015,19
Dominica,DMA,2015,57
Dominican Republic,DOM,2015,41
East Timor,TLS,2015,36
Ecuador,ECU,2015,35
Egypt,EGY,2015,18
El Salvador,SLV,2015,36
Equatorial Guinea,GNQ,2015,7
Eritrea,ERI,2015,2
Estonia,EST,2015,56
Eswatini,SWZ,2015,17
Ethiopia,ETH,2015,11
Fiji,FJI,2015,35
Finland,FIN,2015,60
France,FRA,2015,53
Gabon,GAB,2015,25
Gambia,GMB,2015,13
Gaza Strip,0,2015,9
Georgia,GEO,2015,37
Germany,DEU,2015,56
Ghana,GHA,2015,46
Greece,GRC,2015,48
Grenada,GRD,2015,51
Guatemala,GTM,2015,31
Guinea,GIN,2015,23
Guinea-Bissau,GNB,2015,23
Guyana,GUY,2015,42
Haiti,HTI,2015,24
Honduras,HND,2015,26
Hong Kong,HKG,2015,47
Hungary,HUN,2015,47
Iceland,ISL,2015,60
India,IND,2015,42
Indian Kashmir,0,2015,29
Indonesia,IDN,2015,34
Iran,IRN,2015,10
Iraq,IRQ,2015,15
Ireland,IRL,2015,57
Israel,ISR,2015,44
Italy,ITA,2015,53
Jamaica,JAM,2015,41
Japan,JPN,2015,56
Jordan,JOR,2015,25
Kazakhstan,KAZ,2015,18
Kenya,KEN,2015,29
Kiribati,KIR,2015,55
Kosovo,OWID_KOS,2015,28
Kuwait,KWT,2015,23
Kyrgyzstan,KGZ,2015,24
Laos,LAO,2015,11
Latvia,LVA,2015,51
Lebanon,LBN,2015,30
Lesotho,LSO,2015,39
Liberia,LBR,2015,33
Libya,LBY,2015,14
Liechtenstein,LIE,2015,59
Lithuania,LTU,2015,53
Luxembourg,LUX,2015,60
Madagascar,MDG,2015,32
Malawi,MWI,2015,37
Malaysia,MYS,2015,27
Maldives,MDV,2015,24
Mali,MLI,2015,28
Malta,MLT,2015,57
Marshall Islands,MHL,2015,55
Mauritania,MRT,2015,21
Mauritius,MUS,2015,52
Mexico,MEX,2015,37
Micronesia (country),FSM,2015,56
Moldova,MDA,2015,35
Monaco,MCO,2015,57
Mongolia,MNG,2015,50
Montenegro,MNE,2015,43
Morocco,MAR,2015,26
Mozambique,MOZ,2015,34
Myanmar,MMR,2015,17
Nagorno-Karabakh,OWID_NAG,2015,18
Namibia,NAM,2015,47
Nauru,NRU,2015,49
Nepal,NPL,2015,26
Netherlands,NLD,2015,59
New Zealand,NZL,2015,58
Nicaragua,NIC,2015,35
Niger,NER,2015,28
Nigeria,NGA,2015,25
North Korea,PRK,2015,3
North Macedonia,MKD,2015,35
Northern Cyprus,OWID_CYN,2015,47
Norway,NOR,2015,60
Oman,OMN,2015,17
Pakistan,PAK,2015,21
Pakistani Kashmir,0,2015,19
Palau,PLW,2015,55
Panama,PAN,2015,48
Papua New Guinea,PNG,2015,36
Paraguay,PRY,2015,37
Peru,PER,2015,41
Philippines,PHL,2015,38
Poland,POL,2015,55
Portugal,PRT,2015,58
Puerto Rico,PRI,2015,53
Qatar,QAT,2015,18
Romania,ROU,2015,49
Russia,RUS,2015,15
Rwanda,RWA,2015,16
Saint Kitts and Nevis,KNA,2015,53
Saint Lucia,LCA,2015,53
Saint Vincent and the Grenadines,VCT,2015,54
Samoa,WSM,2015,49
San Marino,SMR,2015,60
Sao Tome and Principe,STP,2015,47
Saudi Arabia,SAU,2015,7
Senegal,SEN,2015,45
Serbia,SRB,2015,48
Seychelles,SYC,2015,42
Sierra Leone,SLE,2015,37
Singapore,SGP,2015,32
Slovakia,SVK,2015,53
Slovenia,SVN,2015,53
Solomon Islands,SLB,2015,43
Somalia,SOM,2015,2
Somaliland,OWID_SML,2015,25
South Africa,ZAF,2015,46
South Korea,KOR,2015,49
South Ossetia,OWID_SOS,2015,9
South Sudan,SSD,2015,12
Spain,ESP,2015,56
Sri Lanka,LKA,2015,32
Sudan,SDN,2015,4
Suriname,SUR,2015,43
Sweden,SWE,2015,60
Switzerland,CHE,2015,57
Syria,SYR,2015,2
Taiwan,TWN,2015,52
Tajikistan,TJK,2015,14
Tanzania,TZA,2015,33
Thailand,THA,2015,25
Tibet,0,2015,3
Togo,TGO,2015,30
Tonga,TON,2015,44
Transnistria,OWID_TRS,2015,14
Trinidad and Tobago,TTO,2015,48
Tunisia,TUN,2015,42
Turkey,TUR,2015,29
Turkmenistan,TKM,2015,4
Tuvalu,TUV,2015,57
Uganda,UGA,2015,25
Ukraine,UKR,2015,36
United Arab Emirates,ARE,2015,13
United Kingdom,GBR,2015,55
United States,USA,2015,54
Uruguay,URY,2015,58
Uzbekistan,UZB,2015,3
Vanuatu,VUT,2015,47
Venezuela,VEN,2015,20
Vietnam,VNM,2015,17
West Bank,0,2015,24
Western Sahara,ESH,2015,7
Yemen,YEM,2015,13
Zambia,ZMB,2015,34
Zimbabwe,ZWE,2015,20
Abkhazia,OWID_ABK,2016,23
Afghanistan,AFG,2016,14
Albania,ALB,2016,40
Algeria,DZA,2016,24
Andorra,AND,2016,56
Angola,AGO,2016,14
Antigua and Barbuda,ATG,2016,50
Argentina,ARG,2016,49
Armenia,ARM,2016,29
Australia,AUS,2016,58
Austria,AUT,2016,58
Azerbaijan,AZE,2016,10
Bahamas,BHS,2016,53
Bahrain,BHR,2016,10
Bangladesh,BGD,2016,27
Barbados,BRB,2016,58
Belarus,BLR,2016,15
Belgium,BEL,2016,55
Belize,BLZ,2016,51
Benin,BEN,2016,49
Bhutan,BTN,2016,27
Bolivia,BOL,2016,39
Bosnia and Herzegovina,BIH,2016,34
Botswana,BWA,2016,44
Brazil,BRA,2016,48
Brunei,BRN,2016,22
Bulgaria,BGR,2016,47
Burkina Faso,BFA,2016,40
Burundi,BDI,2016,14
Cambodia,KHM,2016,20
Cameroon,CMR,2016,15
Canada,CAN,2016,59
Cape Verde,CPV,2016,53
Central African Republic,CAF,2016,6
Chad,TCD,2016,14
Chile,CHL,2016,57
China,CHN,2016,14
Colombia,COL,2016,35
Comoros,COM,2016,31
Congo,COG,2016,22
Costa Rica,CRI,2016,53
Cote d'Ivoire,CIV,2016,32
Crimea,0,2016,10
Croatia,HRV,2016,50
Cuba,CUB,2016,14
Cyprus,CYP,2016,56
Czechia,CZE,2016,56
Democratic Republic of Congo,COD,2016,15
Denmark,DNK,2016,57
Djibouti,DJI,2016,19
Dominica,DMA,2016,57
Dominican Republic,DOM,2016,41
East Timor,TLS,2016,36
Ecuador,ECU,2016,33
Egypt,EGY,2016,17
El Salvador,SLV,2016,36
Equatorial Guinea,GNQ,2016,7
Eritrea,ERI,2016,2
Estonia,EST,2016,56
Eswatini,SWZ,2016,17
Ethiopia,ETH,2016,8
Fiji,FJI,2016,34
Finland,FIN,2016,60
France,FRA,2016,52
Gabon,GAB,2016,24
Gambia,GMB,2016,12
Gaza Strip,0,2016,9
Georgia,GEO,2016,37
Germany,DEU,2016,56
Ghana,GHA,2016,46
Greece,GRC,2016,49
Grenada,GRD,2016,51
Guatemala,GTM,2016,31
Guinea,GIN,2016,24
Guinea-Bissau,GNB,2016,24
Guyana,GUY,2016,42
Haiti,HTI,2016,24
Honduras,HND,2016,27
Hong Kong,HKG,2016,45
Hungary,HUN,2016,47
Iceland,ISL,2016,59
India,IND,2016,42
Indian Kashmir,0,2016,28
Indonesia,IDN,2016,34
Iran,IRN,2016,10
Iraq,IRQ,2016,15
Ireland,IRL,2016,57
Israel,ISR,2016,44
Italy,ITA,2016,53
Jamaica,JAM,2016,41
Japan,JPN,2016,56
Jordan,JOR,2016,25
Kazakhstan,KAZ,2016,17
Kenya,KEN,2016,29
Kiribati,KIR,2016,55
Kosovo,OWID_KOS,2016,28
Kuwait,KWT,2016,23
Kyrgyzstan,KGZ,2016,24
Laos,LAO,2016,11
Latvia,LVA,2016,51
Lebanon,LBN,2016,30
Lesotho,LSO,2016,37
Liberia,LBR,2016,34
Libya,LBY,2016,10
Liechtenstein,LIE,2016,58
Lithuania,LTU,2016,53
Luxembourg,LUX,2016,60
Madagascar,MDG,2016,32
Malawi,MWI,2016,37
Malaysia,MYS,2016,26
Maldives,MDV,2016,23
Mali,MLI,2016,28
Malta,MLT,2016,57
Marshall Islands,MHL,2016,55
Mauritania,MRT,2016,21
Mauritius,MUS,2016,52
Mexico,MEX,2016,37
Micronesia (country),FSM,2016,56
Moldova,MDA,2016,35
Monaco,MCO,2016,57
Mongolia,MNG,2016,49
Montenegro,MNE,2016,43
Morocco,MAR,2016,26
Mozambique,MOZ,2016,33
Myanmar,MMR,2016,18
Nagorno-Karabakh,OWID_NAG,2016,18
Namibia,NAM,2016,47
Nauru,NRU,2016,46
Nepal,NPL,2016,28
Netherlands,NLD,2016,59
New Zealand,NZL,2016,58
Nicaragua,NIC,2016,33
Niger,NER,2016,28
Nigeria,NGA,2016,25
North Korea,PRK,2016,3
North Macedonia,MKD,2016,36
Northern Cyprus,OWID_CYN,2016,48
Norway,NOR,2016,60
Oman,OMN,2016,17
Pakistan,PAK,2016,22
Pakistani Kashmir,0,2016,19
Palau,PLW,2016,55
Panama,PAN,2016,48
Papua New Guinea,PNG,2016,38
Paraguay,PRY,2016,37
Peru,PER,2016,41
Philippines,PHL,2016,36
Poland,POL,2016,52
Portugal,PRT,2016,58
Qatar,QAT,2016,17
Romania,ROU,2016,49
Russia,RUS,2016,15
Rwanda,RWA,2016,16
Saint Kitts and Nevis,KNA,2016,53
Saint Lucia,LCA,2016,53
Saint Vincent and the Grenadines,VCT,2016,54
Samoa,WSM,2016,50
San Marino,SMR,2016,59
Sao Tome and Principe,STP,2016,47
Saudi Arabia,SAU,2016,7
Senegal,SEN,2016,46
Serbia,SRB,2016,47
Seychelles,SYC,2016,43
Sierra Leone,SLE,2016,38
Singapore,SGP,2016,32
Slovakia,SVK,2016,53
Slovenia,SVN,2016,53
Solomon Islands,SLB,2016,44
Somalia,SOM,2016,5
Somaliland,OWID_SML,2016,25
South Africa,ZAF,2016,45
South Korea,KOR,2016,50
South Ossetia,OWID_SOS,2016,9
South Sudan,SSD,2016,6
Spain,ESP,2016,56
Sri Lanka,LKA,2016,32
Sudan,SDN,2016,4
Suriname,SUR,2016,43
Sweden,SWE,2016,60
Switzerland,CHE,2016,57
Syria,SYR,2016,2
Taiwan,TWN,2016,54
Tajikistan,TJK,2016,10
Tanzania,TZA,2016,33
Thailand,THA,2016,25
Tibet,0,2016,3
Togo,TGO,2016,30
Tonga,TON,2016,44
Transnistria,OWID_TRS,2016,14
Trinidad and Tobago,TTO,2016,48
Tunisia,TUN,2016,42
Turkey,TUR,2016,20
Turkmenistan,TKM,2016,4
Tuvalu,TUV,2016,57
Uganda,UGA,2016,24
Ukraine,UKR,2016,36
United Arab Emirates,ARE,2016,13
United Kingdom,GBR,2016,55
United States,USA,2016,53
Uruguay,URY,2016,58
Uzbekistan,UZB,2016,3
Vanuatu,VUT,2016,48
Venezuela,VEN,2016,19
Vietnam,VNM,2016,17
West Bank,0,2016,23
Western Sahara,ESH,2016,7
Yemen,YEM,2016,12
Zambia,ZMB,2016,33
Zimbabwe,ZWE,2016,20
Abkhazia,OWID_ABK,2017,23
Afghanistan,AFG,2017,14
Albania,ALB,2017,40
Algeria,DZA,2017,25
Andorra,AND,2017,57
Angola,AGO,2017,16
Antigua and Barbuda,ATG,2017,50
Argentina,ARG,2017,50
Armenia,ARM,2017,30
Australia,AUS,2017,58
Austria,AUT,2017,57
Azerbaijan,AZE,2017,9
Bahamas,BHS,2017,53
Bahrain,BHR,2017,10
Bangladesh,BGD,2017,26
Barbados,BRB,2017,58
Belarus,BLR,2017,15
Belgium,BEL,2017,56
Belize,BLZ,2017,50
Benin,BEN,2017,49
Bhutan,BTN,2017,27
Bolivia,BOL,2017,39
Bosnia and Herzegovina,BIH,2017,34
Botswana,BWA,2017,44
Brazil,BRA,2017,47
Brunei,BRN,2017,22
Bulgaria,BGR,2017,47
Burkina Faso,BFA,2017,37
Burundi,BDI,2017,14
Cambodia,KHM,2017,20
Cameroon,CMR,2017,13
Canada,CAN,2017,59
Cape Verde,CPV,2017,53
Central African Republic,CAF,2017,5
Chad,TCD,2017,14
Chile,CHL,2017,57
China,CHN,2017,14
Colombia,COL,2017,36
Comoros,COM,2017,31
Congo,COG,2017,19
Costa Rica,CRI,2017,53
Cote d'Ivoire,CIV,2017,32
Crimea,0,2017,10
Croatia,HRV,2017,49
Cuba,CUB,2017,13
Cyprus,CYP,2017,56
Czechia,CZE,2017,56
Democratic Republic of Congo,COD,2017,13
Denmark,DNK,2017,57
Djibouti,DJI,2017,19
Dominica,DMA,2017,56
Dominican Republic,DOM,2017,41
East Timor,TLS,2017,37
Ecuador,ECU,2017,35
Egypt,EGY,2017,16
El Salvador,SLV,2017,36
Equatorial Guinea,GNQ,2017,6
Eritrea,ERI,2017,2
Estonia,EST,2017,56
Eswatini,SWZ,2017,15
Ethiopia,ETH,2017,8
Fiji,FJI,2017,35
Finland,FIN,2017,60
France,FRA,2017,52
Gabon,GAB,2017,19
Gambia,GMB,2017,21
Gaza Strip,0,2017,9
Georgia,GEO,2017,38
Germany,DEU,2017,55
Ghana,GHA,2017,46
Greece,GRC,2017,50
Grenada,GRD,2017,51
Guatemala,GTM,2017,33
Guinea,GIN,2017,24
Guinea-Bissau,GNB,2017,25
Guyana,GUY,2017,42
Haiti,HTI,2017,24
Honduras,HND,2017,26
Hong Kong,HKG,2017,44
Hungary,HUN,2017,44
Iceland,ISL,2017,58
India,IND,2017,42
Indian Kashmir,0,2017,27
Indonesia,IDN,2017,34
Iran,IRN,2017,11
Iraq,IRQ,2017,15
Ireland,IRL,2017,57
Israel,ISR,2017,43
Italy,ITA,2017,53
Jamaica,JAM,2017,43
Japan,JPN,2017,56
Jordan,JOR,2017,25
Kazakhstan,KAZ,2017,17
Kenya,KEN,2017,29
Kiribati,KIR,2017,55
Kosovo,OWID_KOS,2017,28
Kuwait,KWT,2017,23
Kyrgyzstan,KGZ,2017,25
Laos,LAO,2017,11
Latvia,LVA,2017,52
Lebanon,LBN,2017,32
Lesotho,LSO,2017,37
Liberia,LBR,2017,35
Libya,LBY,2017,8
Liechtenstein,LIE,2017,57
Lithuania,LTU,2017,53
Luxembourg,LUX,2017,60
Madagascar,MDG,2017,32
Malawi,MWI,2017,37
Malaysia,MYS,2017,27
Maldives,MDV,2017,21
Mali,MLI,2017,27
Malta,MLT,2017,56
Marshall Islands,MHL,2017,55
Mauritania,MRT,2017,21
Mauritius,MUS,2017,52
Mexico,MEX,2017,36
Micronesia (country),FSM,2017,56
Moldova,MDA,2017,35
Monaco,MCO,2017,57
Mongolia,MNG,2017,49
Montenegro,MNE,2017,42
Morocco,MAR,2017,25
Mozambique,MOZ,2017,32
Myanmar,MMR,2017,18
Nagorno-Karabakh,OWID_NAG,2017,18
Namibia,NAM,2017,47
Nauru,NRU,2017,46
Nepal,NPL,2017,30
Netherlands,NLD,2017,59
New Zealand,NZL,2017,58
Nicaragua,NIC,2017,32
Niger,NER,2017,29
Nigeria,NGA,2017,25
North Korea,PRK,2017,3
North Macedonia,MKD,2017,37
Northern Cyprus,OWID_CYN,2017,50
Norway,NOR,2017,60
Oman,OMN,2017,17
Pakistan,PAK,2017,24
Pakistani Kashmir,0,2017,19
Palau,PLW,2017,55
Panama,PAN,2017,48
Papua New Guinea,PNG,2017,38
Paraguay,PRY,2017,37
Peru,PER,2017,42
Philippines,PHL,2017,35
Poland,POL,2017,49
Portugal,PRT,2017,58
Qatar,QAT,2017,17
Romania,ROU,2017,49
Russia,RUS,2017,15
Rwanda,RWA,2017,15
Saint Kitts and Nevis,KNA,2017,53
Saint Lucia,LCA,2017,53
Saint Vincent and the Grenadines,VCT,2017,54
Samoa,WSM,2017,50
San Marino,SMR,2017,59
Sao Tome and Principe,STP,2017,48
Saudi Arabia,SAU,2017,7
Senegal,SEN,2017,44
Serbia,SRB,2017,45
Seychelles,SYC,2017,43
Sierra Leone,SLE,2017,38
Singapore,SGP,2017,33
Slovakia,SVK,2017,53
Slovenia,SVN,2017,54
Solomon Islands,SLB,2017,44
Somalia,SOM,2017,6
Somaliland,OWID_SML,2017,25
South Africa,ZAF,2017,46
South Korea,KOR,2017,51
South Ossetia,OWID_SOS,2017,8
South Sudan,SSD,2017,4
Spain,ESP,2017,56
Sri Lanka,LKA,2017,31
Sudan,SDN,2017,4
Suriname,SUR,2017,44
Sweden,SWE,2017,60
Switzerland,CHE,2017,57
Syria,SYR,2017,2
Taiwan,TWN,2017,56
Tajikistan,TJK,2017,10
Tanzania,TZA,2017,30
Thailand,THA,2017,25
Tibet,0,2017,3
Togo,TGO,2017,29
Tonga,TON,2017,45
Transnistria,OWID_TRS,2017,14
Trinidad and Tobago,TTO,2017,48
Tunisia,TUN,2017,40
Turkey,TUR,2017,16
Turkmenistan,TKM,2017,4
Tuvalu,TUV,2017,57
Uganda,UGA,2017,26
Ukraine,UKR,2017,36
United Arab Emirates,ARE,2017,12
United Kingdom,GBR,2017,54
United States,USA,2017,53
Uruguay,URY,2017,58
Uzbekistan,UZB,2017,6
Vanuatu,VUT,2017,48
Venezuela,VEN,2017,18
Vietnam,VNM,2017,17
West Bank,0,2017,23
Western Sahara,ESH,2017,7
Yemen,YEM,2017,12
Zambia,ZMB,2017,33
Zimbabwe,ZWE,2017,20
Abkhazia,OWID_ABK,2018,23
Afghanistan,AFG,2018,14
Albania,ALB,2018,40
Algeria,DZA,2018,24
Andorra,AND,2018,55
Angola,AGO,2018,20
Antigua and Barbuda,ATG,2018,51
Argentina,ARG,2018,50
Armenia,ARM,2018,31
Australia,AUS,2018,58
Austria,AUT,2018,56
Azerbaijan,AZE,2018,9
Bahamas,BHS,2018,53
Bahrain,BHR,2018,10
Bangladesh,BGD,2018,24
Barbados,BRB,2018,58
Belarus,BLR,2018,14
Belgium,BEL,2018,57
Belize,BLZ,2018,50
Benin,BEN,2018,47
Bhutan,BTN,2018,30
Bolivia,BOL,2018,39
Bosnia and Herzegovina,BIH,2018,34
Botswana,BWA,2018,44
Brazil,BRA,2018,45
Brunei,BRN,2018,22
Bulgaria,BGR,2018,47
Burkina Faso,BFA,2018,37
Burundi,BDI,2018,11
Cambodia,KHM,2018,20
Cameroon,CMR,2018,12
Canada,CAN,2018,59
Cape Verde,CPV,2018,53
Central African Republic,CAF,2018,5
Chad,TCD,2018,14
Chile,CHL,2018,57
China,CHN,2018,12
Colombia,COL,2018,37
Comoros,COM,2018,29
Congo,COG,2018,19
Costa Rica,CRI,2018,53
Cote d'Ivoire,CIV,2018,32
Crimea,0,2018,10
Croatia,HRV,2018,49
Cuba,CUB,2018,13
Cyprus,CYP,2018,56
Czechia,CZE,2018,55
Democratic Republic of Congo,COD,2018,12
Denmark,DNK,2018,57
Djibouti,DJI,2018,19
Dominica,DMA,2018,56
Dominican Republic,DOM,2018,41
East Timor,TLS,2018,38
Ecuador,ECU,2018,38
Egypt,EGY,2018,14
El Salvador,SLV,2018,35
Equatorial Guinea,GNQ,2018,6
Eritrea,ERI,2018,1
Estonia,EST,2018,56
Eswatini,SWZ,2018,15
Ethiopia,ETH,2018,12
Fiji,FJI,2018,37
Finland,FIN,2018,60
France,FRA,2018,52
Gabon,GAB,2018,19
Gambia,GMB,2018,25
Gaza Strip,0,2018,8
Georgia,GEO,2018,38
Germany,DEU,2018,55
Ghana,GHA,2018,47
Greece,GRC,2018,51
Grenada,GRD,2018,52
Guatemala,GTM,2018,31
Guinea,GIN,2018,26
Guinea-Bissau,GNB,2018,27
Guyana,GUY,2018,43
Haiti,HTI,2018,24
Honduras,HND,2018,26
Hong Kong,HKG,2018,44
Hungary,HUN,2018,43
Iceland,ISL,2018,57
India,IND,2018,40
Indian Kashmir,0,2018,27
Indonesia,IDN,2018,32
Iran,IRN,2018,11
Iraq,IRQ,2018,15
Ireland,IRL,2018,58
Israel,ISR,2018,43
Italy,ITA,2018,53
Jamaica,JAM,2018,44
Japan,JPN,2018,56
Jordan,JOR,2018,25
Kazakhstan,KAZ,2018,17
Kenya,KEN,2018,29
Kiribati,KIR,2018,56
Kosovo,OWID_KOS,2018,30
Kuwait,KWT,2018,23
Kyrgyzstan,KGZ,2018,26
Laos,LAO,2018,12
Latvia,LVA,2018,52
Lebanon,LBN,2018,31
Lesotho,LSO,2018,36
Liberia,LBR,2018,35
Libya,LBY,2018,8
Liechtenstein,LIE,2018,57
Lithuania,LTU,2018,53
Luxembourg,LUX,2018,60
Madagascar,MDG,2018,32
Malawi,MWI,2018,38
Malaysia,MYS,2018,31
Maldives,MDV,2018,21
Mali,MLI,2018,26
Malta,MLT,2018,56
Marshall Islands,MHL,2018,55
Mauritania,MRT,2018,21
Mauritius,MUS,2018,52
Mexico,MEX,2018,36
Micronesia (country),FSM,2018,55
Moldova,MDA,2018,34
Monaco,MCO,2018,56
Mongolia,MNG,2018,49
Montenegro,MNE,2018,42
Morocco,MAR,2018,25
Mozambique,MOZ,2018,32
Myanmar,MMR,2018,17
Nagorno-Karabakh,OWID_NAG,2018,19
Namibia,NAM,2018,46
Nauru,NRU,2018,44
Nepal,NPL,2018,29
Netherlands,NLD,2018,59
New Zealand,NZL,2018,58
Nicaragua,NIC,2018,22
Niger,NER,2018,29
Nigeria,NGA,2018,25
North Korea,PRK,2018,3
North Macedonia,MKD,2018,37
Northern Cyprus,OWID_CYN,2018,50
Norway,NOR,2018,60
Oman,OMN,2018,17
Pakistan,PAK,2018,22
Pakistani Kashmir,0,2018,19
Palau,PLW,2018,55
Panama,PAN,2018,48
Papua New Guinea,PNG,2018,41
Paraguay,PRY,2018,37
Peru,PER,2018,42
Philippines,PHL,2018,35
Poland,POL,2018,49
Portugal,PRT,2018,57
Qatar,QAT,2018,18
Romania,ROU,2018,47
Russia,RUS,2018,15
Rwanda,RWA,2018,14
Saint Kitts and Nevis,KNA,2018,53
Saint Lucia,LCA,2018,54
Saint Vincent and the Grenadines,VCT,2018,55
Samoa,WSM,2018,51
San Marino,SMR,2018,57
Sao Tome and Principe,STP,2018,49
Saudi Arabia,SAU,2018,6
Senegal,SEN,2018,42
Serbia,SRB,2018,43
Seychelles,SYC,2018,43
Sierra Leone,SLE,2018,37
Singapore,SGP,2018,32
Slovakia,SVK,2018,52
Slovenia,SVN,2018,55
Solomon Islands,SLB,2018,49
Somalia,SOM,2018,6
Somaliland,OWID_SML,2018,24
South Africa,ZAF,2018,46
South Korea,KOR,2018,50
South Ossetia,OWID_SOS,2018,8
South Sudan,SSD,2018,4
Spain,ESP,2018,55
Sri Lanka,LKA,2018,32
Sudan,SDN,2018,4
Suriname,SUR,2018,43
Sweden,SWE,2018,60
Switzerland,CHE,2018,57
Syria,SYR,2018,3
Taiwan,TWN,2018,56
Tajikistan,TJK,2018,9
Tanzania,TZA,2018,25
Thailand,THA,2018,25
Tibet,0,2018,3
Togo,TGO,2018,28
Tonga,TON,2018,49
Transnistria,OWID_TRS,2018,14
Trinidad and Tobago,TTO,2018,49
Tunisia,TUN,2018,38
Turkey,TUR,2018,16
Turkmenistan,TKM,2018,2
Tuvalu,TUV,2018,56
Uganda,UGA,2018,25
Ukraine,UKR,2018,34
United Arab Emirates,ARE,2018,12
United Kingdom,GBR,2018,54
United States,USA,2018,53
Uruguay,URY,2018,58
Uzbekistan,UZB,2018,8
Vanuatu,VUT,2018,49
Venezuela,VEN,2018,16
Vietnam,VNM,2018,17
West Bank,0,2018,21
Western Sahara,ESH,2018,7
Yemen,YEM,2018,10
Zambia,ZMB,2018,32
Zimbabwe,ZWE,2018,19
Abkhazia,OWID_ABK,2019,23
Afghanistan,AFG,2019,14
Albania,ALB,2019,40
Algeria,DZA,2019,24
Andorra,AND,2019,55
Angola,AGO,2019,21
Antigua and Barbuda,ATG,2019,52
Argentina,ARG,2019,50
Armenia,ARM,2019,32
Australia,AUS,2019,57
Austria,AUT,2019,56
Azerbaijan,AZE,2019,8
Bahamas,BHS,2019,53
Bahrain,BHR,2019,10
Bangladesh,BGD,2019,24
Barbados,BRB,2019,57
Belarus,BLR,2019,14
Belgium,BEL,2019,57
Belize,BLZ,2019,51
Benin,BEN,2019,45
Bhutan,BTN,2019,30
Bolivia,BOL,2019,38
Bosnia and Herzegovina,BIH,2019,34
Botswana,BWA,2019,44
Brazil,BRA,2019,44
Brunei,BRN,2019,21
Bulgaria,BGR,2019,46
Burkina Faso,BFA,2019,33
Burundi,BDI,2019,10
Cambodia,KHM,2019,20
Cameroon,CMR,2019,11
Canada,CAN,2019,58
Cape Verde,CPV,2019,54
Central African Republic,CAF,2019,6
Chad,TCD,2019,14
Chile,CHL,2019,52
China,CHN,2019,11
Colombia,COL,2019,37
Comoros,COM,2019,26
Congo,COG,2019,18
Costa Rica,CRI,2019,53
Cote d'Ivoire,CIV,2019,32
Crimea,0,2019,10
Croatia,HRV,2019,49
Cuba,CUB,2019,13
Cyprus,CYP,2019,56
Czechia,CZE,2019,55
Democratic Republic of Congo,COD,2019,14
Denmark,DNK,2019,57
Djibouti,DJI,2019,19
Dominica,DMA,2019,56
Dominican Republic,DOM,2019,41
East Timor,TLS,2019,39
Eastern Donbas,0,2019,6
Ecuador,ECU,2019,38
Egypt,EGY,2019,14
El Salvador,SLV,2019,34
Equatorial Guinea,GNQ,2019,6
Eritrea,ERI,2019,1
Estonia,EST,2019,56
Eswatini,SWZ,2019,18
Ethiopia,ETH,2019,14
Fiji,FJI,2019,36
Finland,FIN,2019,60
France,FRA,2019,52
Gabon,GAB,2019,19
Gambia,GMB,2019,26
Gaza Strip,0,2019,8
Georgia,GEO,2019,37
Germany,DEU,2019,55
Ghana,GHA,2019,47
Greece,GRC,2019,51
Grenada,GRD,2019,52
Guatemala,GTM,2019,31
Guinea,GIN,2019,25
Guinea-Bissau,GNB,2019,29
Guyana,GUY,2019,43
Haiti,HTI,2019,22
Honduras,HND,2019,26
Hong Kong,HKG,2019,39
Hungary,HUN,2019,43
Iceland,ISL,2019,57
India,IND,2019,37
Indian Kashmir,0,2019,20
Indonesia,IDN,2019,31
Iran,IRN,2019,10
Iraq,IRQ,2019,14
Ireland,IRL,2019,58
Israel,ISR,2019,43
Italy,ITA,2019,53
Jamaica,JAM,2019,44
Japan,JPN,2019,56
Jordan,JOR,2019,25
Kazakhstan,KAZ,2019,18
Kenya,KEN,2019,29
Kiribati,KIR,2019,56
Kosovo,OWID_KOS,2019,31
Kuwait,KWT,2019,23
Kyrgyzstan,KGZ,2019,27
Laos,LAO,2019,12
Latvia,LVA,2019,52
Lebanon,LBN,2019,30
Lesotho,LSO,2019,36
Liberia,LBR,2019,33
Libya,LBY,2019,8
Liechtenstein,LIE,2019,57
Lithuania,LTU,2019,53
Luxembourg,LUX,2019,60
Madagascar,MDG,2019,35
Malawi,MWI,2019,36
Malaysia,MYS,2019,31
Maldives,MDV,2019,22
Mali,MLI,2019,24
Malta,MLT,2019,55
Marshall Islands,MHL,2019,55
Mauritania,MRT,2019,21
Mauritius,MUS,2019,52
Mexico,MEX,2019,35
Micronesia (country),FSM,2019,55
Moldova,MDA,2019,34
Monaco,MCO,2019,57
Mongolia,MNG,2019,48
Montenegro,MNE,2019,40
Morocco,MAR,2019,24
Mozambique,MOZ,2019,31
Myanmar,MMR,2019,16
Nagorno-Karabakh,OWID_NAG,2019,21
Namibia,NAM,2019,46
Nauru,NRU,2019,43
Nepal,NPL,2019,31
Netherlands,NLD,2019,59
New Zealand,NZL,2019,57
Nicaragua,NIC,2019,21
Niger,NER,2019,28
Nigeria,NGA,2019,25
North Korea,PRK,2019,3
North Macedonia,MKD,2019,39
Northern Cyprus,OWID_CYN,2019,50
Norway,NOR,2019,60
Oman,OMN,2019,17
Pakistan,PAK,2019,22
Pakistani Kashmir,0,2019,19
Palau,PLW,2019,55
Panama,PAN,2019,48
Papua New Guinea,PNG,2019,39
Paraguay,PRY,2019,37
Peru,PER,2019,42
Philippines,PHL,2019,34
Poland,POL,2019,49
Portugal,PRT,2019,57
Qatar,QAT,2019,18
Romania,ROU,2019,48
Russia,RUS,2019,15
Rwanda,RWA,2019,14
Saint Kitts and Nevis,KNA,2019,53
Saint Lucia,LCA,2019,54
Saint Vincent and the Grenadines,VCT,2019,55
Samoa,WSM,2019,51
San Marino,SMR,2019,57
Sao Tome and Principe,STP,2019,49
Saudi Arabia,SAU,2019,6
Senegal,SEN,2019,42
Serbia,SRB,2019,43
Seychelles,SYC,2019,43
Sierra Leone,SLE,2019,37
Singapore,SGP,2019,31
Slovakia,SVK,2019,52
Slovenia,SVN,2019,55
Solomon Islands,SLB,2019,49
Somalia,SOM,2019,6
Somaliland,OWID_SML,2019,24
South Africa,ZAF,2019,46
South Korea,KOR,2019,50
South Ossetia,OWID_SOS,2019,8
South Sudan,SSD,2019,4
Spain,ESP,2019,54
Sri Lanka,LKA,2019,33
Sudan,SDN,2019,10
Suriname,SUR,2019,43
Sweden,SWE,2019,60
Switzerland,CHE,2019,57
Syria,SYR,2019,3
Taiwan,TWN,2019,56
Tajikistan,TJK,2019,9
Tanzania,TZA,2019,23
Thailand,THA,2019,26
Tibet,0,2019,3
Togo,TGO,2019,28
Tonga,TON,2019,49
Transnistria,OWID_TRS,2019,13
Trinidad and Tobago,TTO,2019,49
Tunisia,TUN,2019,38
Turkey,TUR,2019,16
Turkmenistan,TKM,2019,2
Tuvalu,TUV,2019,56
Uganda,UGA,2019,23
Ukraine,UKR,2019,35
United Arab Emirates,ARE,2019,12
United Kingdom,GBR,2019,55
United States,USA,2019,53
Uruguay,URY,2019,58
Uzbekistan,UZB,2019,8
Vanuatu,VUT,2019,49
Venezuela,VEN,2019,14
Vietnam,VNM,2019,17
West Bank,0,2019,21
Western Sahara,ESH,2019,7
Yemen,YEM,2019,10
Zambia,ZMB,2019,32
Zimbabwe,ZWE,2019,17
Abkhazia,OWID_ABK,2020,23
Afghanistan,AFG,2020,14
Albania,ALB,2020,39
Algeria,DZA,2020,22
Andorra,AND,2020,55
Angola,AGO,2020,21
Antigua and Barbuda,ATG,2020,52
Argentina,ARG,2020,49
Armenia,ARM,2020,33
Australia,AUS,2020,57
Austria,AUT,2020,56
Azerbaijan,AZE,2020,8
Bahamas,BHS,2020,53
Bahrain,BHR,2020,10
Bangladesh,BGD,2020,24
Barbados,BRB,2020,57
Belarus,BLR,2020,9
Belgium,BEL,2020,57
Belize,BLZ,2020,53
Benin,BEN,2020,44
Bhutan,BTN,2020,31
Bolivia,BOL,2020,39
Bosnia and Herzegovina,BIH,2020,34
Botswana,BWA,2020,44
Brazil,BRA,2020,43
Brunei,BRN,2020,21
Bulgaria,BGR,2020,45
Burkina Faso,BFA,2020,31
Burundi,BDI,2020,10
Cambodia,KHM,2020,19
Cameroon,CMR,2020,9
Canada,CAN,2020,58
Cape Verde,CPV,2020,54
Central African Republic,CAF,2020,6
Chad,TCD,2020,14
Chile,CHL,2020,55
China,CHN,2020,11
Colombia,COL,2020,36
Comoros,COM,2020,26
Congo,COG,2020,18
Costa Rica,CRI,2020,53
Cote d'Ivoire,CIV,2020,28
Crimea,0,2020,9
Croatia,HRV,2020,49
Cuba,CUB,2020,12
Cyprus,CYP,2020,56
Czechia,CZE,2020,55
Democratic Republic of Congo,COD,2020,15
Denmark,DNK,2020,57
Djibouti,DJI,2020,19
Dominica,DMA,2020,56
Dominican Republic,DOM,2020,41
East Timor,TLS,2020,39
Eastern Donbas,0,2020,5
Ecuador,ECU,2020,40
Egypt,EGY,2020,12
El Salvador,SLV,2020,33
Equatorial Guinea,GNQ,2020,5
Eritrea,ERI,2020,1
Estonia,EST,2020,56
Eswatini,SWZ,2020,18
Ethiopia,ETH,2020,13
Fiji,FJI,2020,36
Finland,FIN,2020,60
France,FRA,2020,52
Gabon,GAB,2020,19
Gambia,GMB,2020,26
Gaza Strip,0,2020,8
Georgia,GEO,2020,37
Germany,DEU,2020,55
Ghana,GHA,2020,47
Greece,GRC,2020,50
Grenada,GRD,2020,52
Guatemala,GTM,2020,31
Guinea,GIN,2020,24
Guinea-Bissau,GNB,2020,27
Guyana,GUY,2020,43
Haiti,HTI,2020,22
Honduras,HND,2020,25
Hong Kong,HKG,2020,37
Hungary,HUN,2020,43
Iceland,ISL,2020,57
India,IND,2020,33
Indian Kashmir,0,2020,20
Indonesia,IDN,2020,29
Iran,IRN,2020,10
Iraq,IRQ,2020,13
Ireland,IRL,2020,58
Israel,ISR,2020,43
Italy,ITA,2020,54
Jamaica,JAM,2020,46
Japan,JPN,2020,56
Jordan,JOR,2020,23
Kazakhstan,KAZ,2020,18
Kenya,KEN,2020,29
Kiribati,KIR,2020,56
Kosovo,OWID_KOS,2020,31
Kuwait,KWT,2020,23
Kyrgyzstan,KGZ,2020,24
Laos,LAO,2020,11
Latvia,LVA,2020,52
Lebanon,LBN,2020,30
Lesotho,LSO,2020,36
Liberia,LBR,2020,33
Libya,LBY,2020,8
Liechtenstein,LIE,2020,57
Lithuania,LTU,2020,52
Luxembourg,LUX,2020,59
Madagascar,MDG,2020,33
Malawi,MWI,2020,37
Malaysia,MYS,2020,30
Maldives,MDV,2020,21
Mali,MLI,2020,24
Malta,MLT,2020,55
Marshall Islands,MHL,2020,55
Mauritania,MRT,2020,21
Mauritius,MUS,2020,50
Mexico,MEX,2020,34
Micronesia (country),FSM,2020,55
Moldova,MDA,2020,35
Monaco,MCO,2020,57
Mongolia,MNG,2020,48
Montenegro,MNE,2020,39
Morocco,MAR,2020,24
Mozambique,MOZ,2020,29
Myanmar,MMR,2020,15
Nagorno-Karabakh,OWID_NAG,2020,19
Namibia,NAM,2020,46
Nauru,NRU,2020,43
Nepal,NPL,2020,31
Netherlands,NLD,2020,58
New Zealand,NZL,2020,59
Nicaragua,NIC,2020,20
Niger,NER,2020,28
Nigeria,NGA,2020,24
North Korea,PRK,2020,3
North Macedonia,MKD,2020,39
Northern Cyprus,OWID_CYN,2020,50
Norway,NOR,2020,60
Oman,OMN,2020,17
Pakistan,PAK,2020,22
Pakistani Kashmir,0,2020,19
Palau,PLW,2020,55
Panama,PAN,2020,48
Papua New Guinea,PNG,2020,39
Paraguay,PRY,2020,37
Peru,PER,2020,42
Philippines,PHL,2020,31
Poland,POL,2020,48
Portugal,PRT,2020,57
Qatar,QAT,2020,18
Romania,ROU,2020,48
Russia,RUS,2020,15
Rwanda,RWA,2020,13
Saint Kitts and Nevis,KNA,2020,54
Saint Lucia,LCA,2020,54
Saint Vincent and the Grenadines,VCT,2020,55
Samoa,WSM,2020,51
San Marino,SMR,2020,55
Sao Tome and Principe,STP,2020,49
Saudi Arabia,SAU,2020,6
Senegal,SEN,2020,42
Serbia,SRB,2020,42
Seychelles,SYC,2020,43
Sierra Leone,SLE,2020,37
Singapore,SGP,2020,29
Slovakia,SVK,2020,53
Slovenia,SVN,2020,56
Solomon Islands,SLB,2020,49
Somalia,SOM,2020,6
Somaliland,OWID_SML,2020,24
South Africa,ZAF,2020,46
South Korea,KOR,2020,50
South Ossetia,OWID_SOS,2020,8
South Sudan,SSD,2020,4
Spain,ESP,2020,53
Sri Lanka,LKA,2020,33
Sudan,SDN,2020,15
Suriname,SUR,2020,45
Sweden,SWE,2020,60
Switzerland,CHE,2020,57
Syria,SYR,2020,4
Taiwan,TWN,2020,56
Tajikistan,TJK,2020,8
Tanzania,TZA,2020,22
Thailand,THA,2020,25
Tibet,0,2020,3
Togo,TGO,2020,28
Tonga,TON,2020,49
Transnistria,OWID_TRS,2020,12
Trinidad and Tobago,TTO,2020,49
Tunisia,TUN,2020,39
Turkey,TUR,2020,16
Turkmenistan,TKM,2020,2
Tuvalu,TUV,2020,56
Uganda,UGA,2020,23
Ukraine,UKR,2020,34
United Arab Emirates,ARE,2020,12
United Kingdom,GBR,2020,54
United States,USA,2020,51
Uruguay,URY,2020,58
Uzbekistan,UZB,2020,9
Vanuatu,VUT,2020,49
Venezuela,VEN,2020,13
Vietnam,VNM,2020,16
West Bank,0,2020,21
Western Sahara,ESH,2020,7
Yemen,YEM,2020,10
Zambia,ZMB,2020,32
Zimbabwe,ZWE,2020,17
Abkhazia,OWID_ABK,2021,23
Afghanistan,AFG,2021,9
Albania,ALB,2021,39
Algeria,DZA,2021,22
Andorra,AND,2021,55
Angola,AGO,2021,20
Antigua and Barbuda,ATG,2021,52
Argentina,ARG,2021,49
Armenia,ARM,2021,32
Australia,AUS,2021,56
Austria,AUT,2021,56
Azerbaijan,AZE,2021,7
Bahamas,BHS,2021,53
Bahrain,BHR,2021,10
Bangladesh,BGD,2021,24
Barbados,BRB,2021,57
Belarus,BLR,2021,6
Belgium,BEL,2021,57
Belize,BLZ,2021,53
Benin,BEN,2021,42
Bhutan,BTN,2021,32
Bolivia,BOL,2021,39
Bosnia and Herzegovina,BIH,2021,34
Botswana,BWA,2021,44
Brazil,BRA,2021,42
Brunei,BRN,2021,21
Bulgaria,BGR,2021,46
Burkina Faso,BFA,2021,30
Burundi,BDI,2021,10
Cambodia,KHM,2021,19
Cameroon,CMR,2021,9
Canada,CAN,2021,58
Cape Verde,CPV,2021,54
Central African Republic,CAF,2021,4
Chad,TCD,2021,14
Chile,CHL,2021,56
China,CHN,2021,11
Colombia,COL,2021,35
Comoros,COM,2021,26
Congo,COG,2021,15
Costa Rica,CRI,2021,53
Cote d'Ivoire,CIV,2021,30
Crimea,0,2021,9
Croatia,HRV,2021,49
Cuba,CUB,2021,11
Cyprus,CYP,2021,55
Czechia,CZE,2021,55
Democratic Republic of Congo,COD,2021,15
Denmark,DNK,2021,57
Djibouti,DJI,2021,19
Dominica,DMA,2021,56
Dominican Republic,DOM,2021,41
East Timor,TLS,2021,39
Eastern Donbas,0,2021,5
Ecuador,ECU,2021,40
Egypt,EGY,2021,12
El Salvador,SLV,2021,33
Equatorial Guinea,GNQ,2021,5
Eritrea,ERI,2021,2
Estonia,EST,2021,56
Eswatini,SWZ,2021,16
Ethiopia,ETH,2021,11
Fiji,FJI,2021,35
Finland,FIN,2021,60
France,FRA,2021,51
Gabon,GAB,2021,18
Gambia,GMB,2021,26
Gaza Strip,0,2021,8
Georgia,GEO,2021,36
Germany,DEU,2021,55
Ghana,GHA,2021,45
Greece,GRC,2021,50
Grenada,GRD,2021,52
Guatemala,GTM,2021,30
Guinea,GIN,2021,24
Guinea-Bissau,GNB,2021,26
Guyana,GUY,2021,43
Haiti,HTI,2021,22
Honduras,HND,2021,26
Hong Kong,HKG,2021,33
Hungary,HUN,2021,43
Iceland,ISL,2021,57
India,IND,2021,33
Indian Kashmir,0,2021,20
Indonesia,IDN,2021,29
Iran,IRN,2021,10
Iraq,IRQ,2021,13
Ireland,IRL,2021,58
Israel,ISR,2021,42
Italy,ITA,2021,54
Jamaica,JAM,2021,46
Japan,JPN,2021,56
Jordan,JOR,2021,22
Kazakhstan,KAZ,2021,18
Kenya,KEN,2021,29
Kiribati,KIR,2021,56
Kosovo,OWID_KOS,2021,31
Kuwait,KWT,2021,23
Kyrgyzstan,KGZ,2021,23
Laos,LAO,2021,11
Latvia,LVA,2021,51
Lebanon,LBN,2021,29
Lesotho,LSO,2021,36
Liberia,LBR,2021,33
Libya,LBY,2021,8
Liechtenstein,LIE,2021,57
Lithuania,LTU,2021,51
Luxembourg,LUX,2021,59
Madagascar,MDG,2021,34
Malawi,MWI,2021,37
Malaysia,MYS,2021,30
Maldives,MDV,2021,21
Mali,MLI,2021,24
Malta,MLT,2021,54
Marshall Islands,MHL,2021,55
Mauritania,MRT,2021,21
Mauritius,MUS,2021,50
Mexico,MEX,2021,33
Micronesia (country),FSM,2021,55
Moldova,MDA,2021,35
Monaco,MCO,2021,57
Mongolia,MNG,2021,48
Montenegro,MNE,2021,41
Morocco,MAR,2021,24
Mozambique,MOZ,2021,29
Myanmar,MMR,2021,9
Nagorno-Karabakh,OWID_NAG,2021,20
Namibia,NAM,2021,46
Nauru,NRU,2021,43
Nepal,NPL,2021,32
Netherlands,NLD,2021,58
New Zealand,NZL,2021,59
Nicaragua,NIC,2021,18
Niger,NER,2021,28
Nigeria,NGA,2021,23
North Korea,PRK,2021,3
North Macedonia,MKD,2021,39
Northern Cyprus,OWID_CYN,2021,50
Norway,NOR,2021,60
Oman,OMN,2021,18
Pakistan,PAK,2021,22
Pakistani Kashmir,0,2021,20
Palau,PLW,2021,55
Panama,PAN,2021,48
Papua New Guinea,PNG,2021,39
Paraguay,PRY,2021,37
Peru,PER,2021,42
Philippines,PHL,2021,30
Poland,POL,2021,47
Portugal,PRT,2021,56
Qatar,QAT,2021,18
Romania,ROU,2021,48
Russia,RUS,2021,14
Rwanda,RWA,2021,14
Saint Kitts and Nevis,KNA,2021,54
Saint Lucia,LCA,2021,54
Saint Vincent and the Grenadines,VCT,2021,55
Samoa,WSM,2021,51
San Marino,SMR,2021,55
Sao Tome and Principe,STP,2021,49
Saudi Arabia,SAU,2021,6
Senegal,SEN,2021,39
Serbia,SRB,2021,41
Seychelles,SYC,2021,45
Sierra Leone,SLE,2021,37
Singapore,SGP,2021,28
Slovakia,SVK,2021,53
Slovenia,SVN,2021,52
Solomon Islands,SLB,2021,49
Somalia,SOM,2021,6
Somaliland,OWID_SML,2021,27
South Africa,ZAF,2021,46
South Korea,KOR,2021,50
South Ossetia,OWID_SOS,2021,9
South Sudan,SSD,2021,4
Spain,ESP,2021,53
Sri Lanka,LKA,2021,32
Sudan,SDN,2021,10
Suriname,SUR,2021,45
Sweden,SWE,2021,60
Switzerland,CHE,2021,57
Syria,SYR,2021,4
Taiwan,TWN,2021,56
Tajikistan,TJK,2021,8
Tanzania,TZA,2021,22
Thailand,THA,2021,24
Tibet,0,2021,3
Togo,TGO,2021,27
Tonga,TON,2021,49
Transnistria,OWID_TRS,2021,12
Trinidad and Tobago,TTO,2021,49
Tunisia,TUN,2021,38
Turkey,TUR,2021,16
Turkmenistan,TKM,2021,2
Tuvalu,TUV,2021,56
Uganda,UGA,2021,23
Ukraine,UKR,2021,35
United Arab Emirates,ARE,2021,12
United Kingdom,GBR,2021,54
United States,USA,2021,51
Uruguay,URY,2021,57
Uzbekistan,UZB,2021,9
Vanuatu,VUT,2021,49
Venezuela,VEN,2021,13
Vietnam,VNM,2021,16
West Bank,0,2021,19
Western Sahara,ESH,2021,7
Yemen,YEM,2021,8
Zambia,ZMB,2021,30
Zimbabwe,ZWE,2021,17
Abkhazia,OWID_ABK,2022,22
Afghanistan,AFG,2022,7
Albania,ALB,2022,39
Algeria,DZA,2022,22
Andorra,AND,2022,55
Angola,AGO,2022,18
Antigua and Barbuda,ATG,2022,52
Argentina,ARG,2022,50
Armenia,ARM,2022,31
Australia,AUS,2022,57
Austria,AUT,2022,56
Azerbaijan,AZE,2022,7
Bahamas,BHS,2022,53
Bahrain,BHR,2022,10
Bangladesh,BGD,2022,25
Barbados,BRB,2022,57
Belarus,BLR,2022,6
Belgium,BEL,2022,57
Belize,BLZ,2022,53
Benin,BEN,2022,42
Bhutan,BTN,2022,32
Bolivia,BOL,2022,39
Bosnia and Herzegovina,BIH,2022,34
Botswana,BWA,2022,44
Brazil,BRA,2022,42
Brunei,BRN,2022,21
Bulgaria,BGR,2022,46
Burkina Faso,BFA,2022,27
Burundi,BDI,2022,10
Cambodia,KHM,2022,19
Cameroon,CMR,2022,9
Canada,CAN,2022,58
Cape Verde,CPV,2022,54
Central African Republic,CAF,2022,4
Chad,TCD,2022,14
Chile,CHL,2022,56
China,CHN,2022,11
Colombia,COL,2022,39
Comoros,COM,2022,26
Congo,COG,2022,15
Costa Rica,CRI,2022,53
Cote d'Ivoire,CIV,2022,30
Crimea,0,2022,6
Croatia,HRV,2022,49
Cuba,CUB,2022,11
Cyprus,CYP,2022,54
Czechia,CZE,2022,56
Democratic Republic of Congo,COD,2022,15
Denmark,DNK,2022,57
Djibouti,DJI,2022,19
Dominica,DMA,2022,56
Dominican Republic,DOM,2022,41
East Timor,TLS,2022,39
Eastern Donbas,0,2022,4
Ecuador,ECU,2022,40
Egypt,EGY,2022,12
El Salvador,SLV,2022,31
Equatorial Guinea,GNQ,2022,5
Eritrea,ERI,2022,2
Estonia,EST,2022,56
Eswatini,SWZ,2022,16
Ethiopia,ETH,2022,11
Fiji,FJI,2022,35
Finland,FIN,2022,60
France,FRA,2022,51
Gabon,GAB,2022,18
Gambia,GMB,2022,27
Gaza Strip,0,2022,8
Georgia,GEO,2022,36
Germany,DEU,2022,55
Ghana,GHA,2022,45
Greece,GRC,2022,51
Grenada,GRD,2022,52
Guatemala,GTM,2022,29
Guinea,GIN,2022,23
Guinea-Bissau,GNB,2022,26
Guyana,GUY,2022,43
Haiti,HTI,2022,20
Honduras,HND,2022,26
Hong Kong,HKG,2022,32
Hungary,HUN,2022,42
Iceland,ISL,2022,57
India,IND,2022,33
Indian Kashmir,0,2022,20
Indonesia,IDN,2022,28
Iran,IRN,2022,8
Iraq,IRQ,2022,13
Ireland,IRL,2022,58
Israel,ISR,2022,43
Italy,ITA,2022,54
Jamaica,JAM,2022,46
Japan,JPN,2022,56
Jordan,JOR,2022,22
Kazakhstan,KAZ,2022,18
Kenya,KEN,2022,30
Kiribati,KIR,2022,54
Kosovo,OWID_KOS,2022,32
Kuwait,KWT,2022,23
Kyrgyzstan,KGZ,2022,23
Laos,LAO,2022,11
Latvia,LVA,2022,51
Lebanon,LBN,2022,29
Lesotho,LSO,2022,36
Liberia,LBR,2022,33
Libya,LBY,2022,9
Liechtenstein,LIE,2022,57
Lithuania,LTU,2022,51
Luxembourg,LUX,2022,59
Madagascar,MDG,2022,34
Malawi,MWI,2022,37
Malaysia,MYS,2022,31
Maldives,MDV,2022,22
Mali,MLI,2022,21
Malta,MLT,2022,54
Marshall Islands,MHL,2022,55
Mauritania,MRT,2022,22
Mauritius,MUS,2022,50
Mexico,MEX,2022,33
Micronesia (country),FSM,2022,55
Moldova,MDA,2022,35
Monaco,MCO,2022,57
Mongolia,MNG,2022,48
Montenegro,MNE,2022,41
Morocco,MAR,2022,24
Mozambique,MOZ,2022,31
Myanmar,MMR,2022,9
Nagorno-Karabakh,OWID_NAG,2022,20
Namibia,NAM,2022,46
Nauru,NRU,2022,43
Nepal,NPL,2022,32
Netherlands,NLD,2022,58
New Zealand,NZL,2022,59
Nicaragua,NIC,2022,14
Niger,NER,2022,28
Nigeria,NGA,2022,23
North Korea,PRK,2022,3
North Macedonia,MKD,2022,39
Northern Cyprus,OWID_CYN,2022,49
Norway,NOR,2022,60
Oman,OMN,2022,18
Pakistan,PAK,2022,22
Pakistani Kashmir,0,2022,20
Palau,PLW,2022,55
Panama,PAN,2022,48
Papua New Guinea,PNG,2022,39
Paraguay,PRY,2022,37
Peru,PER,2022,41
Philippines,PHL,2022,33
Poland,POL,2022,47
Portugal,PRT,2022,57
Qatar,QAT,2022,18
Romania,ROU,2022,48
Russia,RUS,2022,11
Rwanda,RWA,2022,15
Saint Kitts and Nevis,KNA,2022,54
Saint Lucia,LCA,2022,54
Saint Vincent and the Grenadines,VCT,2022,55
Samoa,WSM,2022,52
San Marino,SMR,2022,58
Sao Tome and Principe,STP,2022,49
Saudi Arabia,SAU,2022,7
Senegal,SEN,2022,39
Serbia,SRB,2022,40
Seychelles,SYC,2022,45
Sierra Leone,SLE,2022,36
Singapore,SGP,2022,28
Slovakia,SVK,2022,53
Slovenia,SVN,2022,56
Solomon Islands,SLB,2022,47
Somalia,SOM,2022,6
Somaliland,OWID_SML,2022,26
South Africa,ZAF,2022,46
South Korea,KOR,2022,50
South Ossetia,OWID_SOS,2022,9
South Sudan,SSD,2022,4
Spain,ESP,2022,53
Sri Lanka,LKA,2022,31
Sudan,SDN,2022,10
Suriname,SUR,2022,45
Sweden,SWE,2022,60
Switzerland,CHE,2022,57
Syria,SYR,2022,4
Taiwan,TWN,2022,56
Tajikistan,TJK,2022,7
Tanzania,TZA,2022,24
Thailand,THA,2022,24
Tibet,0,2022,3
Togo,TGO,2022,27
Tonga,TON,2022,50
Transnistria,OWID_TRS,2022,12
Trinidad and Tobago,TTO,2022,49
Tunisia,TUN,2022,36
Turkey,TUR,2022,16
Turkmenistan,TKM,2022,2
Tuvalu,TUV,2022,56
Uganda,UGA,2022,24
Ukraine,UKR,2022,28
United Arab Emirates,ARE,2022,13
United Kingdom,GBR,2022,54
United States,USA,2022,50
Uruguay,URY,2022,56
Uzbekistan,UZB,2022,10
Vanuatu,VUT,2022,49
Venezuela,VEN,2022,14
Vietnam,VNM,2022,15
West Bank,0,2022,18
Western Sahara,ESH,2022,7
Yemen,YEM,2022,8
Zambia,ZMB,2022,31
Zimbabwe,ZWE,2022,17
Abkhazia,OWID_ABK,2023,22
Afghanistan,AFG,2023,5
Albania,ALB,2023,40
Algeria,DZA,2023,22
Andorra,AND,2023,55
Angola,AGO,2023,18
Antigua and Barbuda,ATG,2023,52
Argentina,ARG,2023,50
Armenia,ARM,2023,31
Australia,AUS,2023,57
Austria,AUT,2023,56
Azerbaijan,AZE,2023,7
Bahamas,BHS,2023,53
Bahrain,BHR,2023,10
Bangladesh,BGD,2023,25
Barbados,BRB,2023,57
Belarus,BLR,2023,6
Belgium,BEL,2023,57
Belize,BLZ,2023,53
Benin,BEN,2023,42
Bhutan,BTN,2023,33
Bolivia,BOL,2023,39
Bosnia and Herzegovina,BIH,2023,34
Botswana,BWA,2023,44
Brazil,BRA,2023,42
Brunei,BRN,2023,21
Bulgaria,BGR,2023,46
Burkina Faso,BFA,2023,24
Burundi,BDI,2023,10
Cambodia,KHM,2023,19
Cameroon,CMR,2023,9
Canada,CAN,2023,58
Cape Verde,CPV,2023,54
Central African Republic,CAF,2023,4
Chad,TCD,2023,14
Chile,CHL,2023,56
China,CHN,2023,11
Colombia,COL,2023,39
Comoros,COM,2023,26
Congo,COG,2023,15
Costa Rica,CRI,2023,53
Cote d'Ivoire,CIV,2023,30
Crimea,0,2023,4
Croatia,HRV,2023,49
Cuba,CUB,2023,11
Cyprus,CYP,2023,54
Czechia,CZE,2023,58
Democratic Republic of Congo,COD,2023,15
Denmark,DNK,2023,57
Djibouti,DJI,2023,19
Dominica,DMA,2023,56
Dominican Republic,DOM,2023,41
East Timor,TLS,2023,39
Eastern Donbas,0,2023,4
Ecuador,ECU,2023,38
Egypt,EGY,2023,12
El Salvador,SLV,2023,32
Equatorial Guinea,GNQ,2023,5
Eritrea,ERI,2023,2
Estonia,EST,2023,57
Eswatini,SWZ,2023,16
Ethiopia,ETH,2023,10
Fiji,FJI,2023,39
Finland,FIN,2023,60
France,FRA,2023,51
Gabon,GAB,2023,18
Gambia,GMB,2023,28
Gaza Strip,0,2023,5
Georgia,GEO,2023,36
Germany,DEU,2023,54
Ghana,GHA,2023,45
Greece,GRC,2023,50
Grenada,GRD,2023,52
Guatemala,GTM,2023,29
Guinea,GIN,2023,23
Guinea-Bissau,GNB,2023,26
Guyana,GUY,2023,43
Haiti,HTI,2023,19
Honduras,HND,2023,26
Hong Kong,HKG,2023,32
Hungary,HUN,2023,41
Iceland,ISL,2023,57
India,IND,2023,33
Indian Kashmir,0,2023,20
Indonesia,IDN,2023,28
Iran,IRN,2023,7
Iraq,IRQ,2023,14
Ireland,IRL,2023,58
Israel,ISR,2023,40
Italy,ITA,2023,54
Jamaica,JAM,2023,47
Japan,JPN,2023,56
Jordan,JOR,2023,22
Kazakhstan,KAZ,2023,18
Kenya,KEN,2023,30
Kiribati,KIR,2023,53
Kosovo,OWID_KOS,2023,32
Kuwait,KWT,2023,24
Kyrgyzstan,KGZ,2023,23
Laos,LAO,2023,11
Latvia,LVA,2023,51
Lebanon,LBN,2023,29
Lesotho,LSO,2023,36
Liberia,LBR,2023,34
Libya,LBY,2023,8
Liechtenstein,LIE,2023,57
Lithuania,LTU,2023,51
Luxembourg,LUX,2023,59
Madagascar,MDG,2023,34
Malawi,MWI,2023,37
Malaysia,MYS,2023,31
Maldives,MDV,2023,23
Mali,MLI,2023,20
Malta,MLT,2023,52
Marshall Islands,MHL,2023,55
Mauritania,MRT,2023,24
Mauritius,MUS,2023,50
Mexico,MEX,2023,33
Micronesia (country),FSM,2023,55
Moldova,MDA,2023,35
Monaco,MCO,2023,57
Mongolia,MNG,2023,48
Montenegro,MNE,2023,42
Morocco,MAR,2023,24
Mozambique,MOZ,2023,30
Myanmar,MMR,2023,8
Nagorno-Karabakh,OWID_NAG,2023,0
Namibia,NAM,2023,46
Nauru,NRU,2023,43
Nepal,NPL,2023,34
Netherlands,NLD,2023,58
New Zealand,NZL,2023,59
Nicaragua,NIC,2023,12
Niger,NER,2023,27
Nigeria,NGA,2023,24
North Korea,PRK,2023,3
North Macedonia,MKD,2023,39
Northern Cyprus,OWID_CYN,2023,49
Norway,NOR,2023,59
Oman,OMN,2023,18
Pakistan,PAK,2023,21
Pakistani Kashmir,0,2023,20
Palau,PLW,2023,55
Panama,PAN,2023,48
Papua New Guinea,PNG,2023,39
Paraguay,PRY,2023,37
Peru,PER,2023,39
Philippines,PHL,2023,33
Poland,POL,2023,47
Portugal,PRT,2023,57
Qatar,QAT,2023,18
Romania,ROU,2023,48
Russia,RUS,2023,9
Rwanda,RWA,2023,15
Saint Kitts and Nevis,KNA,2023,54
Saint Lucia,LCA,2023,54
Saint Vincent and the Grenadines,VCT,2023,54
Samoa,WSM,2023,52
San Marino,SMR,2023,58
Sao Tome and Principe,STP,2023,49
Saudi Arabia,SAU,2023,7
Senegal,SEN,2023,39
Serbia,SRB,2023,39
Seychelles,SYC,2023,45
Sierra Leone,SLE,2023,36
Singapore,SGP,2023,29
Slovakia,SVK,2023,53
Slovenia,SVN,2023,57
Solomon Islands,SLB,2023,47
Somalia,SOM,2023,6
Somaliland,OWID_SML,2023,26
South Africa,ZAF,2023,46
South Korea,KOR,2023,50
South Ossetia,OWID_SOS,2023,9
South Sudan,SSD,2023,4
Spain,ESP,2023,53
Sri Lanka,LKA,2023,32
Sudan,SDN,2023,9
Suriname,SUR,2023,45
Sweden,SWE,2023,59
Switzerland,CHE,2023,57
Syria,SYR,2023,4
Taiwan,TWN,2023,56
Tajikistan,TJK,2023,5
Tanzania,TZA,2023,24
Thailand,THA,2023,24
Tibet,0,2023,2
Togo,TGO,2023,27
Tonga,TON,2023,50
Transnistria,OWID_TRS,2023,12
Trinidad and Tobago,TTO,2023,49
Tunisia,TUN,2023,35
Turkey,TUR,2023,16
Turkmenistan,TKM,2023,2
Tuvalu,TUV,2023,56
Uganda,UGA,2023,24
Ukraine,UKR,2023,28
United Arab Emirates,ARE,2023,13
United Kingdom,GBR,2023,53
United States,USA,2023,50
Uruguay,URY,2023,56
Uzbekistan,UZB,2023,10
Vanuatu,VUT,2023,50
Venezuela,VEN,2023,14
Vietnam,VNM,2023,15
West Bank,0,2023,18
Western Sahara,ESH,2023,7
Yemen,YEM,2023,9
Zambia,ZMB,2023,31
Zimbabwe,ZWE,2023,17